tag	commit	query_flags	query_access	unprivileged_timer_range_permission	register_header_count	register_header_sha256
535.309.01	9756a4df56f42c1df568d2cf9e8b84e42ae03ffd	0x11	0x0	NV_PROTECT_READABLE	8	a254e94f77140bc5f044aa257b38485c3661fd83f460d7857f758d94d809a697
545.23.08	c4ea803a648e7f6aadff23f963043eaa504eedd1	0x11	0x0	NV_PROTECT_READABLE	8	a254e94f77140bc5f044aa257b38485c3661fd83f460d7857f758d94d809a697
550.40.07	91676d6628d3fa3a4d23ff7d6a4ee045d1a29654	0x11	0x0	NV_PROTECT_READABLE	8	a254e94f77140bc5f044aa257b38485c3661fd83f460d7857f758d94d809a697
550.54.14	476bd34534a9389eedff73464d3f2fa5912f09ae	0x11	0x0	NV_PROTECT_READABLE	8	a254e94f77140bc5f044aa257b38485c3661fd83f460d7857f758d94d809a697
550.90.07	e45d91de0224e17a6bf7c971d8f165090b3c07a6	0x11	0x0	NV_PROTECT_READABLE	8	a254e94f77140bc5f044aa257b38485c3661fd83f460d7857f758d94d809a697
555.42.02	5a1c474040e1c3ed20760267510cc9d9332898f1	0x9	0x0	NV_PROTECT_READABLE	8	a254e94f77140bc5f044aa257b38485c3661fd83f460d7857f758d94d809a697
560.28.03	448d5cc65624d3aa69015efa0d3fb50fd9729f41	0x9	0x0	NV_PROTECT_READABLE	8	a254e94f77140bc5f044aa257b38485c3661fd83f460d7857f758d94d809a697
565.57.01	d5a0858f901d15bda4c3d6db19a271507722a860	0x9	0x0	NV_PROTECT_READABLE	8	a254e94f77140bc5f044aa257b38485c3661fd83f460d7857f758d94d809a697
570.86.15	54d69484da940413ba6017df9cf43bed8b75da46	0x9	0x0	NV_PROTECT_READABLE	8	a254e94f77140bc5f044aa257b38485c3661fd83f460d7857f758d94d809a697
570.124.06	25bef4626e6c5ccf5b433e1c22b6b1bd59e6f1bd	0x9	0x0	NV_PROTECT_READABLE	8	a254e94f77140bc5f044aa257b38485c3661fd83f460d7857f758d94d809a697
570.148.08	af31543aaa3352478414fc2392559af2c9ad871a	0x9	0x0	NV_PROTECT_READABLE	8	a254e94f77140bc5f044aa257b38485c3661fd83f460d7857f758d94d809a697
575.51.02	41595798880394d9c6fa5e76b37ffc1bc428cfb2	0x9	0x0	NV_PROTECT_READABLE	8	a254e94f77140bc5f044aa257b38485c3661fd83f460d7857f758d94d809a697
575.51.03	e00332b05f433f1fe2e465d4741dfa7e41bf0a72	0x9	0x0	NV_PROTECT_READABLE	8	a254e94f77140bc5f044aa257b38485c3661fd83f460d7857f758d94d809a697
575.57.08	30e15d79de62e8955eb8b77a6e292ab9b87f52b0	0x9	0x0	NV_PROTECT_READABLE	8	a254e94f77140bc5f044aa257b38485c3661fd83f460d7857f758d94d809a697
575.64.05	d89031330084ad34dbfe15997454a4bb1674e0b1	0x9	0x0	NV_PROTECT_READABLE	8	a254e94f77140bc5f044aa257b38485c3661fd83f460d7857f758d94d809a697
580.65.06	307159f2623d3bf45feb9177bd2da52ffbc5ddf9	0x9	0x0	NV_PROTECT_READABLE	8	a254e94f77140bc5f044aa257b38485c3661fd83f460d7857f758d94d809a697
580.82.07	6387af3092a0da1a8e67d9d04b3463480756fc84	0x9	0x0	NV_PROTECT_READABLE	8	a254e94f77140bc5f044aa257b38485c3661fd83f460d7857f758d94d809a697
580.94.02	a86526f4e235ae3d9e2842a11a3bb11db77450d8	0x9	0x0	NV_PROTECT_READABLE	8	a254e94f77140bc5f044aa257b38485c3661fd83f460d7857f758d94d809a697
580.95.05	2b436058a616676ec888ef3814d1db6b2220f2eb	0x9	0x0	NV_PROTECT_READABLE	8	a254e94f77140bc5f044aa257b38485c3661fd83f460d7857f758d94d809a697
580.105.08	2af9f1f0f7de4988432d4ae875b5858ffdb09cc2	0x9	0x0	NV_PROTECT_READABLE	8	a254e94f77140bc5f044aa257b38485c3661fd83f460d7857f758d94d809a697
580.126.09	455d4b8b75f56d7483489c255705d064fdedf3c6	0x9	0x0	NV_PROTECT_READABLE	8	a254e94f77140bc5f044aa257b38485c3661fd83f460d7857f758d94d809a697
580.159.04	b81d58ee0224d1d290bef1c080592b619e184042	0x9	0x0	NV_PROTECT_READABLE	8	a254e94f77140bc5f044aa257b38485c3661fd83f460d7857f758d94d809a697
580.173.02	20e4e6e19cc26ba47b5cbe23130a396be100c427	0x9	0x0	NV_PROTECT_READABLE	8	a254e94f77140bc5f044aa257b38485c3661fd83f460d7857f758d94d809a697
580.178.04	c8e699821c23e4335bf23330a54a23d15cfb95e9	0x9	0x0	NV_PROTECT_READABLE	8	a254e94f77140bc5f044aa257b38485c3661fd83f460d7857f758d94d809a697
590.48.01	2ccbad25e1af6a6ee6f38cf569f89f8b65d658ab	0x9	0x0	NV_PROTECT_READABLE	8	a254e94f77140bc5f044aa257b38485c3661fd83f460d7857f758d94d809a697
595.84	722ae84526a09ed672fbe75448e2909834ba4cce	0x9	0x0	NV_PROTECT_READABLE	8	a254e94f77140bc5f044aa257b38485c3661fd83f460d7857f758d94d809a697
610.43.02	57130a2702d565be81200ea2e114abcb0455e8bb	0x9	0x0	NV_PROTECT_READABLE	8	a254e94f77140bc5f044aa257b38485c3661fd83f460d7857f758d94d809a697
610.57.04	e4a5faa2567f28c8eabe0ebb6422b6d0abcf37eb	0x9	0x0	NV_PROTECT_READABLE	8	a254e94f77140bc5f044aa257b38485c3661fd83f460d7857f758d94d809a697
615.71.09	61dcc93722ecb418bb5f2e00923f05b4b8051dd1	0x9	0x0	NV_PROTECT_READABLE	8	a254e94f77140bc5f044aa257b38485c3661fd83f460d7857f758d94d809a697
595.91.07	9f087a6d4e86d85acc0ce1d354d6276fe5047b29	0x9	0x0	NV_PROTECT_READABLE	8	a254e94f77140bc5f044aa257b38485c3661fd83f460d7857f758d94d809a697
