# The perimeter size ratchet (docs/design/V3_SEC_PERIMETER.md §2; OWNER_RULINGS §R rule c).
# Every count is EXACT. A decrease needs only the new number (`perimeter.py sizes --update`).
# A rise, or a new row, needs a new reason: `YYYY-MM-DD: <column>+<delta> ... — <why>`.
path	code	blocks	unsafe_fn	unsafe_method	unsafe_impl	unsafe_trait	extern_blocks	extern_items	unsafe_attrs	asm	macro_unsafe	exports	reason
crates/kayfabe-cuda/src/driver_unsafe.rs	578	41	0	0	2	0	1	3	0	0	44	0	2026-10-04: baseline — rule (c) first landing (V3_SEC_PERIMETER.md §2); measured by perimeter.py at 789dee9f
crates/kayfabe-linux-raw/src/affinity_unsafe.rs	33	6	0	0	0	0	0	0	0	0	0	0	2026-10-04: baseline — rule (c) first landing (V3_SEC_PERIMETER.md §2); measured by perimeter.py at 789dee9f
crates/kayfabe-linux-raw/src/arena_unsafe.rs	216	4	0	0	2	0	0	0	0	0	0	0	2026-10-04: baseline — rule (c) first landing (V3_SEC_PERIMETER.md §2); measured by perimeter.py at 789dee9f
crates/kayfabe-linux-raw/src/chardev_unsafe.rs	332	4	0	0	0	0	0	0	0	0	0	0	2026-10-04: baseline — rule (c) first landing (V3_SEC_PERIMETER.md §2); measured by perimeter.py at 789dee9f
crates/kayfabe-linux-raw/src/epoll_unsafe.rs	124	3	0	0	0	0	0	0	0	0	0	0	2026-10-04: baseline — rule (c) first landing (V3_SEC_PERIMETER.md §2); measured by perimeter.py at 789dee9f
crates/kayfabe-linux-raw/src/host_fd_unsafe.rs	131	9	0	0	0	0	0	0	0	0	0	0	2026-10-04: baseline — rule (c) first landing (V3_SEC_PERIMETER.md §2); measured by perimeter.py at 789dee9f
crates/kayfabe-linux-raw/src/kvm_unsafe.rs	303	4	0	0	0	0	0	0	0	0	0	0	2026-10-04: baseline — rule (c) first landing (V3_SEC_PERIMETER.md §2); measured by perimeter.py at 789dee9f
crates/kayfabe-linux-raw/src/mapping_unsafe.rs	490	14	0	0	3	0	0	0	0	1	0	0	2026-10-04: baseline — rule (c) first landing (V3_SEC_PERIMETER.md §2); measured by perimeter.py at 789dee9f
crates/kayfabe-linux-raw/src/sandbox_unsafe.rs	459	9	0	0	0	0	0	0	0	0	0	0	2026-10-04: baseline — rule (c) first landing (V3_SEC_PERIMETER.md §2); measured by perimeter.py at 789dee9f
crates/kayfabe-linux-raw/src/scm_unsafe.rs	222	10	0	0	0	0	0	0	0	0	0	0	2026-10-04: baseline — rule (c) first landing (V3_SEC_PERIMETER.md §2); measured by perimeter.py at 789dee9f
crates/kayfabe-linux-raw/src/signal_unsafe.rs	278	25	0	0	0	0	0	0	0	0	0	0	2026-10-04: baseline — rule (c) first landing (V3_SEC_PERIMETER.md §2); measured by perimeter.py at 789dee9f
crates/kayfabe-linux-raw/src/spawn_unsafe.rs	617	16	1	0	0	0	0	0	0	0	0	0	2026-10-04: baseline — rule (c) first landing (V3_SEC_PERIMETER.md §2); measured by perimeter.py at 789dee9f
crates/kayfabe-linux-raw/src/sysconf_unsafe.rs	3	1	0	0	0	0	0	0	0	0	0	0	2026-10-04: baseline — rule (c) first landing (V3_SEC_PERIMETER.md §2); measured by perimeter.py at 789dee9f
crates/kayfabe-linux-raw/src/vcpu_unsafe.rs	345	7	0	0	1	0	0	0	0	0	0	0	2026-10-04: baseline — rule (c) first landing (V3_SEC_PERIMETER.md §2); measured by perimeter.py at 789dee9f
crates/kayfabe-linux-raw/src/window_unsafe.rs	207	6	0	0	2	0	0	0	0	0	0	0	2026-10-04: baseline — rule (c) first landing (V3_SEC_PERIMETER.md §2); measured by perimeter.py at 789dee9f
crates/kf-cuda/src/driver_unsafe.rs	1063	73	0	0	2	0	1	7	0	0	85	142	2026-10-04: baseline — rule (c) first landing (V3_SEC_PERIMETER.md §2); measured by perimeter.py at 789dee9f
crates/kf-linux-raw/src/affinity_unsafe.rs	33	6	0	0	0	0	0	0	0	0	0	2	2026-10-04: baseline — rule (c) first landing (V3_SEC_PERIMETER.md §2); measured by perimeter.py at 789dee9f
crates/kf-linux-raw/src/bounds.rs	47	0	0	0	0	0	0	0	0	0	0	0	2026-10-04: baseline — a VALIDATES file (PERIMETER_EXPORTS.md, Validation dependencies); measured by perimeter.py at 789dee9f
crates/kf-linux-raw/src/cache.rs	38	0	0	0	0	0	0	0	0	0	0	0	2026-10-04: baseline — a VALIDATES file (PERIMETER_EXPORTS.md, Validation dependencies); measured by perimeter.py at 789dee9f
crates/kf-linux-raw/src/chardev_unsafe.rs	344	4	0	0	0	0	0	0	0	0	0	30	2026-10-04: baseline code+13 — 331 at 789dee9f, plus a1 (LEGACY_SIZES; a sizeless request outside it is refused)
crates/kf-linux-raw/src/epoll_unsafe.rs	124	3	0	0	0	0	0	0	0	0	0	19	2026-10-04: baseline — rule (c) first landing (V3_SEC_PERIMETER.md §2); measured by perimeter.py at 789dee9f
crates/kf-linux-raw/src/geometry.rs	85	0	0	0	0	0	0	0	0	0	0	0	2026-10-04: baseline — a VALIDATES file (PERIMETER_EXPORTS.md, Validation dependencies); measured by perimeter.py at 789dee9f
crates/kf-linux-raw/src/host_fd_unsafe.rs	131	9	0	0	0	0	0	0	0	0	0	18	2026-10-04: baseline — rule (c) first landing (V3_SEC_PERIMETER.md §2); measured by perimeter.py at 789dee9f
crates/kf-linux-raw/src/ioctl.rs	47	0	0	0	0	0	0	0	0	0	0	0	2026-10-04: baseline — a VALIDATES file (PERIMETER_EXPORTS.md, Validation dependencies); measured by perimeter.py at 789dee9f
crates/kf-linux-raw/src/kvm_unsafe.rs	388	7	0	0	0	0	0	0	0	0	0	36	2026-10-04: baseline blocks+1 — 383/6 at 789dee9f; a7 one block in set_memslot; a3 the `_IO` check in ioctl_arg and borrowed fds (as_raw gone); a4 set_memslot private; a5 adopt confirms (code 383 -> 388)
crates/kf-linux-raw/src/mapping_unsafe.rs	598	18	0	1	5	0	0	0	0	1	0	63	2026-10-04: baseline — rule (c) first landing (V3_SEC_PERIMETER.md §2); measured by perimeter.py at 789dee9f
crates/kf-linux-raw/src/page_size.rs	45	0	0	0	0	0	0	0	0	0	0	0	2026-10-04: baseline — a VALIDATES file (PERIMETER_EXPORTS.md, Validation dependencies); measured by perimeter.py at 789dee9f
crates/kf-linux-raw/src/signal_unsafe.rs	52	6	0	0	0	0	0	0	0	0	0	9	2026-10-04: baseline — rule (c) first landing (V3_SEC_PERIMETER.md §2); measured by perimeter.py at 789dee9f
crates/kf-linux-raw/src/sysconf_unsafe.rs	3	1	0	0	0	0	0	0	0	0	0	1	2026-10-04: baseline — rule (c) first landing (V3_SEC_PERIMETER.md §2); measured by perimeter.py at 789dee9f
crates/kf-linux-raw/src/vcpu_unsafe.rs	351	7	0	0	1	0	0	0	0	0	0	19	2026-10-04: baseline code+6 — 345 at 789dee9f, plus a6 (`mmio_exit`, the bounded MMIO length) and a3 (borrowed fds)
crates/kf-linux-raw/src/view.rs	55	0	0	0	0	0	0	0	0	0	0	0	2026-10-04: baseline — a VALIDATES file (PERIMETER_EXPORTS.md, Validation dependencies); measured by perimeter.py at 789dee9f
crates/kf-linux-raw/src/window_unsafe.rs	296	15	0	1	2	0	0	0	0	0	0	16	2026-10-04: baseline code+85 blocks+9 unsafe_method+1 — 211/6/0 at 789dee9f, plus a7 (userspace_addr_at an unsafe fn), a8 (the MAP_FIXED split into its own fn, the NOREPLACE re-plug and its munmap, the fault seam and its tests), a9, a10 (one fstat block)
crates/kf-qemu/src/ffi_unsafe.rs	429	15	13	0	0	0	0	0	25	0	0	44	2026-10-04: baseline — rule (c) first landing (V3_SEC_PERIMETER.md §2); measured by perimeter.py at 789dee9f
crates/kf-qemu/src/raw_unsafe.rs	142	8	0	4	6	0	0	0	0	0	0	41	2026-10-04: baseline — rule (c) first landing (V3_SEC_PERIMETER.md §2); measured by perimeter.py at 789dee9f
firmware/kf-gop/src/bin/kf-gop-test/check_unsafe.rs	438	22	0	0	0	0	0	0	1	0	0	0	2026-10-04: baseline — rule (c) first landing (V3_SEC_PERIMETER.md §2); measured by perimeter.py at 789dee9f
firmware/kf-gop/src/driver_unsafe.rs	626	31	1	0	0	0	0	0	1	0	0	0	2026-10-04: baseline — rule (c) first landing (V3_SEC_PERIMETER.md §2); measured by perimeter.py at 789dee9f
firmware/kf-gop/src/efi_unsafe.rs	484	17	1	5	0	0	0	0	0	0	0	0	2026-10-04: baseline — rule (c) first landing (V3_SEC_PERIMETER.md §2); measured by perimeter.py at 789dee9f
firmware/kf-gop/src/port_unsafe.rs	9	1	0	0	0	0	0	0	0	1	0	0	2026-10-04: baseline — rule (c) first landing (V3_SEC_PERIMETER.md §2); measured by perimeter.py at 789dee9f
qemu/hw/misc/kf3/kf3.c	780	0	0	0	0	0	0	0	0	0	0	0	2026-10-04: baseline — rule (c) first landing (V3_SEC_PERIMETER.md §2); measured by perimeter.py at 789dee9f
qemu/hw/misc/kf3/kf3.h	52	0	0	0	0	0	0	0	0	0	0	0	2026-10-04: baseline — rule (c) first landing (V3_SEC_PERIMETER.md §2); measured by perimeter.py at 789dee9f
qemu/hw/misc/kf3/kf3_gop.h	22	0	0	0	0	0	0	0	0	0	0	0	2026-10-04: baseline — rule (c) first landing (V3_SEC_PERIMETER.md §2); measured by perimeter.py at 789dee9f
