lane	metric	rep	value	unit
fast	client_ms.timer	1	410.0	ms
fast	wall_s.timer	1	3.0	s
fast	client_ms.engines	1	669.0	ms
fast	wall_s.engines	1	5.0	s
fast	client_ms.doorbell-census	1	830.0	ms
fast	wall_s.doorbell-census	1	4.0	s
fast	client_ms.gpu-info-sweep	1	390.0	ms
fast	wall_s.gpu-info-sweep	1	4.0	s
fast	client_ms.bus-info-sweep	1	3600.0	ms
fast	wall_s.bus-info-sweep	1	7.0	s
fast	client_ms.concurrency	1	3340.0	ms
fast	wall_s.concurrency	1	7.0	s
fast	client_ms.defer-liveness	1	12510.0	ms
fast	wall_s.defer-liveness	1	16.0	s
fast	client_ms.blockage-coverage	1	800.0	ms
fast	wall_s.blockage-coverage	1	4.0	s
fast	client_ms.alias-two-vas	1	379.0	ms
fast	wall_s.alias-two-vas	1	4.0	s
fast	client_ms.alias-unmap-observe	1	390.0	ms
fast	wall_s.alias-unmap-observe	1	4.0	s
fast	client_ms.map-propagation	1	390.0	ms
fast	wall_s.map-propagation	1	4.0	s
fast	client_ms.late-map-race	1	799.0	ms
fast	wall_s.late-map-race	1	4.0	s
fast	client_ms.missing-page-fault	1	3450.0	ms
fast	wall_s.missing-page-fault	1	7.0	s
fast	client_ms.uvm-invalidate	1	549.0	ms
fast	wall_s.uvm-invalidate	1	4.0	s
fast	client_ms.uvm-mean	1	710.0	ms
fast	wall_s.uvm-mean	1	4.0	s
fast	client_ms.executor-vas	1	429.0	ms
fast	wall_s.executor-vas	1	4.0	s
fast	client_ms.guest-ring-channel	1	410.0	ms
fast	wall_s.guest-ring-channel	1	4.0	s
fast	client_ms.dictated-ring	1	390.0	ms
fast	wall_s.dictated-ring	1	4.0	s
fast	client_ms.dictated-ring-negative	1	429.0	ms
fast	wall_s.dictated-ring-negative	1	4.0	s
fast	client_ms.ce-client	1	429.0	ms
fast	wall_s.ce-client	1	3.0	s
fast	client_ms.ce-client-guest-ram	1	20080.0	ms
fast	wall_s.ce-client-guest-ram	1	23.0	s
fast	client_ms.guest-ram-pin	1	429.0	ms
fast	wall_s.guest-ram-pin	1	4.0	s
fast	client_ms.bar1-crossing	1	379.0	ms
fast	wall_s.bar1-crossing	1	4.0	s
fast	client_ms.atomics-probe	1	379.0	ms
fast	wall_s.atomics-probe	1	3.0	s
fast	client_ms.pce-mask-probe	1	379.0	ms
fast	wall_s.pce-mask-probe	1	3.0	s
fast	client_ms.gpga-reserve-probe	1	9310.0	ms
fast	wall_s.gpga-reserve-probe	1	12.0	s
fast	client_ms.map-stress	1	649.0	ms
fast	wall_s.map-stress	1	4.0	s
fast	client_ms.concurrent-fuzz	1	1460.0	ms
fast	wall_s.concurrent-fuzz	1	5.0	s
fast	client_ms.cross-client-leak	1	459.0	ms
fast	wall_s.cross-client-leak	1	4.0	s
fast	client_ms.rpc-mixed-allocs	1	1230.0	ms
fast	wall_s.rpc-mixed-allocs	1	5.0	s
fast	SUM.client_ms	1	66057.0	ms
fast	SUM.wall_s	1	167.0	s
fast	arms_pass	1	30.0	count
fast	arms_total	1	30.0	count
fast	client_ms.timer	2	399.0	ms
fast	wall_s.timer	2	4.0	s
fast	client_ms.engines	2	669.0	ms
fast	wall_s.engines	2	4.0	s
fast	client_ms.doorbell-census	2	820.0	ms
fast	wall_s.doorbell-census	2	5.0	s
fast	client_ms.gpu-info-sweep	2	379.0	ms
fast	wall_s.gpu-info-sweep	2	3.0	s
fast	client_ms.bus-info-sweep	2	3600.0	ms
fast	wall_s.bus-info-sweep	2	7.0	s
fast	client_ms.concurrency	2	3340.0	ms
fast	wall_s.concurrency	2	6.0	s
fast	client_ms.defer-liveness	2	12530.0	ms
fast	wall_s.defer-liveness	2	16.0	s
fast	client_ms.blockage-coverage	2	810.0	ms
fast	wall_s.blockage-coverage	2	4.0	s
fast	client_ms.alias-two-vas	2	390.0	ms
fast	wall_s.alias-two-vas	2	3.0	s
fast	client_ms.alias-unmap-observe	2	390.0	ms
fast	wall_s.alias-unmap-observe	2	3.0	s
fast	client_ms.map-propagation	2	379.0	ms
fast	wall_s.map-propagation	2	4.0	s
fast	client_ms.late-map-race	2	810.0	ms
fast	wall_s.late-map-race	2	4.0	s
fast	client_ms.missing-page-fault	2	3440.0	ms
fast	wall_s.missing-page-fault	2	7.0	s
fast	client_ms.uvm-invalidate	2	529.0	ms
fast	wall_s.uvm-invalidate	2	4.0	s
fast	client_ms.uvm-mean	2	700.0	ms
fast	wall_s.uvm-mean	2	4.0	s
fast	client_ms.executor-vas	2	439.0	ms
fast	wall_s.executor-vas	2	4.0	s
fast	client_ms.guest-ring-channel	2	390.0	ms
fast	wall_s.guest-ring-channel	2	4.0	s
fast	client_ms.dictated-ring	2	379.0	ms
fast	wall_s.dictated-ring	2	4.0	s
fast	client_ms.dictated-ring-negative	2	420.0	ms
fast	wall_s.dictated-ring-negative	2	4.0	s
fast	client_ms.ce-client	2	430.0	ms
fast	wall_s.ce-client	2	4.0	s
fast	client_ms.ce-client-guest-ram	2	19880.0	ms
fast	wall_s.ce-client-guest-ram	2	23.0	s
fast	client_ms.guest-ram-pin	2	410.0	ms
fast	wall_s.guest-ram-pin	2	4.0	s
fast	client_ms.bar1-crossing	2	390.0	ms
fast	wall_s.bar1-crossing	2	4.0	s
fast	client_ms.atomics-probe	2	380.0	ms
fast	wall_s.atomics-probe	2	4.0	s
fast	client_ms.pce-mask-probe	2	379.0	ms
fast	wall_s.pce-mask-probe	2	3.0	s
fast	client_ms.gpga-reserve-probe	2	9300.0	ms
fast	wall_s.gpga-reserve-probe	2	13.0	s
fast	client_ms.map-stress	2	660.0	ms
fast	wall_s.map-stress	2	4.0	s
fast	client_ms.concurrent-fuzz	2	1299.0	ms
fast	wall_s.concurrent-fuzz	2	5.0	s
fast	client_ms.cross-client-leak	2	450.0	ms
fast	wall_s.cross-client-leak	2	4.0	s
fast	client_ms.rpc-mixed-allocs	2	1250.0	ms
fast	wall_s.rpc-mixed-allocs	2	5.0	s
fast	SUM.client_ms	2	65641.0	ms
fast	SUM.wall_s	2	167.0	s
fast	arms_pass	2	30.0	count
fast	arms_total	2	30.0	count
fast	client_ms.timer	3	399.0	ms
fast	wall_s.timer	3	4.0	s
fast	client_ms.engines	3	670.0	ms
fast	wall_s.engines	3	4.0	s
fast	client_ms.doorbell-census	3	800.0	ms
fast	wall_s.doorbell-census	3	5.0	s
fast	client_ms.gpu-info-sweep	3	390.0	ms
fast	wall_s.gpu-info-sweep	3	4.0	s
fast	client_ms.bus-info-sweep	3	3599.0	ms
fast	wall_s.bus-info-sweep	3	7.0	s
fast	client_ms.concurrency	3	3340.0	ms
fast	wall_s.concurrency	3	6.0	s
fast	client_ms.defer-liveness	3	12500.0	ms
fast	wall_s.defer-liveness	3	15.0	s
fast	client_ms.blockage-coverage	3	810.0	ms
fast	wall_s.blockage-coverage	3	4.0	s
fast	client_ms.alias-two-vas	3	390.0	ms
fast	wall_s.alias-two-vas	3	4.0	s
fast	client_ms.alias-unmap-observe	3	399.0	ms
fast	wall_s.alias-unmap-observe	3	3.0	s
fast	client_ms.map-propagation	3	379.0	ms
fast	wall_s.map-propagation	3	4.0	s
fast	client_ms.late-map-race	3	799.0	ms
fast	wall_s.late-map-race	3	5.0	s
fast	client_ms.missing-page-fault	3	3460.0	ms
fast	wall_s.missing-page-fault	3	6.0	s
fast	client_ms.uvm-invalidate	3	540.0	ms
fast	wall_s.uvm-invalidate	3	3.0	s
fast	client_ms.uvm-mean	3	690.0	ms
fast	wall_s.uvm-mean	3	4.0	s
fast	client_ms.executor-vas	3	430.0	ms
fast	wall_s.executor-vas	3	4.0	s
fast	client_ms.guest-ring-channel	3	410.0	ms
fast	wall_s.guest-ring-channel	3	4.0	s
fast	client_ms.dictated-ring	3	379.0	ms
fast	wall_s.dictated-ring	3	3.0	s
fast	client_ms.dictated-ring-negative	3	430.0	ms
fast	wall_s.dictated-ring-negative	3	4.0	s
fast	client_ms.ce-client	3	439.0	ms
fast	wall_s.ce-client	3	4.0	s
fast	client_ms.ce-client-guest-ram	3	19959.0	ms
fast	wall_s.ce-client-guest-ram	3	24.0	s
fast	client_ms.guest-ram-pin	3	420.0	ms
fast	wall_s.guest-ram-pin	3	4.0	s
fast	client_ms.bar1-crossing	3	390.0	ms
fast	wall_s.bar1-crossing	3	3.0	s
fast	client_ms.atomics-probe	3	379.0	ms
fast	wall_s.atomics-probe	3	3.0	s
fast	client_ms.pce-mask-probe	3	370.0	ms
fast	wall_s.pce-mask-probe	3	4.0	s
fast	client_ms.gpga-reserve-probe	3	9300.0	ms
fast	wall_s.gpga-reserve-probe	3	13.0	s
fast	client_ms.map-stress	3	650.0	ms
fast	wall_s.map-stress	3	4.0	s
fast	client_ms.concurrent-fuzz	3	1410.0	ms
fast	wall_s.concurrent-fuzz	3	5.0	s
fast	client_ms.cross-client-leak	3	459.0	ms
fast	wall_s.cross-client-leak	3	4.0	s
fast	client_ms.rpc-mixed-allocs	3	1230.0	ms
fast	wall_s.rpc-mixed-allocs	3	5.0	s
fast	SUM.client_ms	3	65820.0	ms
fast	SUM.wall_s	3	166.0	s
fast	arms_pass	3	30.0	count
fast	arms_total	3	30.0	count
bare	ms.timer	1	109.0	ms
bare	ms.engines	1	108.0	ms
bare	ms.doorbell-census	1	209.0	ms
bare	ms.gpu-info-sweep	1	109.0	ms
bare	ms.bus-info-sweep	1	3319.0	ms
bare	ms.concurrency	1	3011.0	ms
bare	ms.defer-liveness	1	12117.0	ms
bare	ms.blockage-coverage	1	510.0	ms
bare	ms.alias-two-vas	1	109.0	ms
bare	ms.alias-unmap-observe	1	109.0	ms
bare	ms.map-propagation	1	108.0	ms
bare	ms.late-map-race	1	510.0	ms
bare	ms.missing-page-fault	1	3112.0	ms
bare	ms.uvm-invalidate	1	108.0	ms
bare	ms.uvm-mean	1	209.0	ms
bare	ms.executor-vas	1	109.0	ms
bare	ms.guest-ring-channel	1	109.0	ms
bare	ms.dictated-ring	1	109.0	ms
bare	ms.dictated-ring-negative	1	109.0	ms
bare	ms.ce-client	1	109.0	ms
bare	ms.ce-client-guest-ram	1	2110.0	ms
bare	ms.guest-ram-pin	1	109.0	ms
bare	ms.bar1-crossing	1	109.0	ms
bare	ms.atomics-probe	1	109.0	ms
bare	ms.pce-mask-probe	1	109.0	ms
bare	ms.gpga-reserve-probe	1	27523.0	ms
bare	ms.map-stress	1	109.0	ms
bare	ms.concurrent-fuzz	1	209.0	ms
bare	ms.cross-client-leak	1	109.0	ms
bare	ms.rpc-mixed-allocs	1	912.0	ms
bare	SUM.ms	1	55710.0	ms
bare	arms_pass	1	30.0	count
bare	arms_total	1	30.0	count
bare	ms.timer	2	109.0	ms
bare	ms.engines	2	108.0	ms
bare	ms.doorbell-census	2	109.0	ms
bare	ms.gpu-info-sweep	2	109.0	ms
bare	ms.bus-info-sweep	2	3319.0	ms
bare	ms.concurrency	2	3012.0	ms
bare	ms.defer-liveness	2	12116.0	ms
bare	ms.blockage-coverage	2	510.0	ms
bare	ms.alias-two-vas	2	109.0	ms
bare	ms.alias-unmap-observe	2	109.0	ms
bare	ms.map-propagation	2	109.0	ms
bare	ms.late-map-race	2	510.0	ms
bare	ms.missing-page-fault	2	3111.0	ms
bare	ms.uvm-invalidate	2	108.0	ms
bare	ms.uvm-mean	2	209.0	ms
bare	ms.executor-vas	2	109.0	ms
bare	ms.guest-ring-channel	2	109.0	ms
bare	ms.dictated-ring	2	109.0	ms
bare	ms.dictated-ring-negative	2	109.0	ms
bare	ms.ce-client	2	109.0	ms
bare	ms.ce-client-guest-ram	2	2009.0	ms
bare	ms.guest-ram-pin	2	109.0	ms
bare	ms.bar1-crossing	2	109.0	ms
bare	ms.atomics-probe	2	109.0	ms
bare	ms.pce-mask-probe	2	109.0	ms
bare	ms.gpga-reserve-probe	2	27421.0	ms
bare	ms.map-stress	2	109.0	ms
bare	ms.concurrent-fuzz	2	209.0	ms
bare	ms.cross-client-leak	2	109.0	ms
bare	ms.rpc-mixed-allocs	2	912.0	ms
bare	SUM.ms	2	55407.0	ms
bare	arms_pass	2	30.0	count
bare	arms_total	2	30.0	count
bare	ms.timer	3	109.0	ms
bare	ms.engines	3	108.0	ms
bare	ms.doorbell-census	3	109.0	ms
bare	ms.gpu-info-sweep	3	109.0	ms
bare	ms.bus-info-sweep	3	3318.0	ms
bare	ms.concurrency	3	3013.0	ms
bare	ms.defer-liveness	3	12116.0	ms
bare	ms.blockage-coverage	3	510.0	ms
bare	ms.alias-two-vas	3	109.0	ms
bare	ms.alias-unmap-observe	3	109.0	ms
bare	ms.map-propagation	3	109.0	ms
bare	ms.late-map-race	3	510.0	ms
bare	ms.missing-page-fault	3	3111.0	ms
bare	ms.uvm-invalidate	3	108.0	ms
bare	ms.uvm-mean	3	210.0	ms
bare	ms.executor-vas	3	109.0	ms
bare	ms.guest-ring-channel	3	109.0	ms
bare	ms.dictated-ring	3	109.0	ms
bare	ms.dictated-ring-negative	3	109.0	ms
bare	ms.ce-client	3	109.0	ms
bare	ms.ce-client-guest-ram	3	2110.0	ms
bare	ms.guest-ram-pin	3	109.0	ms
bare	ms.bar1-crossing	3	109.0	ms
bare	ms.atomics-probe	3	109.0	ms
bare	ms.pce-mask-probe	3	109.0	ms
bare	ms.gpga-reserve-probe	3	27521.0	ms
bare	ms.map-stress	3	109.0	ms
bare	ms.concurrent-fuzz	3	210.0	ms
bare	ms.cross-client-leak	3	109.0	ms
bare	ms.rpc-mixed-allocs	3	912.0	ms
bare	SUM.ms	3	55610.0	ms
bare	arms_pass	3	30.0	count
bare	arms_total	3	30.0	count
ladder_host	pass.cup2	1	1.0	bool
ladder_host	wall_ms.cup2	1	207.0	ms
ladder_host	pass.cup2	2	1.0	bool
ladder_host	wall_ms.cup2	2	207.0	ms
ladder_host	pass.cup2	3	1.0	bool
ladder_host	wall_ms.cup2	3	207.0	ms
ladder_host	pass.cup3	1	1.0	bool
ladder_host	wall_ms.cup3	1	206.0	ms
ladder_host	pass.cup3	2	1.0	bool
ladder_host	wall_ms.cup3	2	206.0	ms
ladder_host	pass.cup3	3	1.0	bool
ladder_host	wall_ms.cup3	3	207.0	ms
ladder_host	pass.cup8	1	1.0	bool
ladder_host	wall_ms.cup8	1	307.0	ms
ladder_host	pass.cup8	2	1.0	bool
ladder_host	wall_ms.cup8	2	307.0	ms
ladder_host	pass.cup8	3	1.0	bool
ladder_host	wall_ms.cup8	3	307.0	ms
ladder_host	pass.cup8bench	1	1.0	bool
ladder_host	wall_ms.cup8bench	1	1508.0	ms
ladder_host	cup8bench.init_ms	1	42.76	ms
ladder_host	cup8bench.ctx_ms	1	72.1	ms
ladder_host	cup8bench.module_ms	1	0.06	ms
ladder_host	cup8bench.N16.first_ms	1	0.018	ms
ladder_host	cup8bench.N16.med_ms	1	0.005	ms
ladder_host	cup8bench.N16.p90_ms	1	0.005	ms
ladder_host	cup8bench.N16.min_ms	1	0.005	ms
ladder_host	cup8bench.N16.gflops	1	1.769	GFLOPS
ladder_host	cup8bench.N16.batch_per_launch_ms	1	0.002	ms
ladder_host	cup8bench.N16.batch_gflops	1	4.243	GFLOPS
ladder_host	cup8bench.N16.h2d_ms	1	0.013	ms
ladder_host	cup8bench.N16.d2h_med_ms	1	0.004	ms
ladder_host	cup8bench.N16.submit_med_ms	1	0.001	ms
ladder_host	cup8bench.N16.sync_med_ms	1	0.003	ms
ladder_host	cup8bench.N2048.first_ms	1	10.099	ms
ladder_host	cup8bench.N2048.med_ms	1	10.097	ms
ladder_host	cup8bench.N2048.p90_ms	1	10.106	ms
ladder_host	cup8bench.N2048.min_ms	1	8.771	ms
ladder_host	cup8bench.N2048.gflops	1	1701.503	GFLOPS
ladder_host	cup8bench.N2048.batch_per_launch_ms	1	8.961	ms
ladder_host	cup8bench.N2048.batch_gflops	1	1917.138	GFLOPS
ladder_host	cup8bench.N2048.h2d_ms	1	2.714	ms
ladder_host	cup8bench.N2048.d2h_med_ms	1	1.204	ms
ladder_host	cup8bench.N2048.submit_med_ms	1	0.001	ms
ladder_host	cup8bench.N2048.sync_med_ms	1	10.096	ms
ladder_host	derived.N2048.h2d_GBps	1	12.363460574797347	GB/s
ladder_host	derived.N2048.d2h_GBps	1	13.934564784053157	GB/s
ladder_host	pass.cup8bench	2	1.0	bool
ladder_host	wall_ms.cup8bench	2	1407.0	ms
ladder_host	cup8bench.init_ms	2	39.98	ms
ladder_host	cup8bench.ctx_ms	2	69.77	ms
ladder_host	cup8bench.module_ms	2	0.06	ms
ladder_host	cup8bench.N16.first_ms	2	0.018	ms
ladder_host	cup8bench.N16.med_ms	2	0.004	ms
ladder_host	cup8bench.N16.p90_ms	2	0.005	ms
ladder_host	cup8bench.N16.min_ms	2	0.004	ms
ladder_host	cup8bench.N16.gflops	2	1.853	GFLOPS
ladder_host	cup8bench.N16.batch_per_launch_ms	2	0.002	ms
ladder_host	cup8bench.N16.batch_gflops	2	4.82	GFLOPS
ladder_host	cup8bench.N16.h2d_ms	2	0.012	ms
ladder_host	cup8bench.N16.d2h_med_ms	2	0.004	ms
ladder_host	cup8bench.N16.submit_med_ms	2	0.001	ms
ladder_host	cup8bench.N16.sync_med_ms	2	0.003	ms
ladder_host	cup8bench.N2048.first_ms	2	8.754	ms
ladder_host	cup8bench.N2048.med_ms	2	8.794	ms
ladder_host	cup8bench.N2048.p90_ms	2	8.798	ms
ladder_host	cup8bench.N2048.min_ms	2	8.746	ms
ladder_host	cup8bench.N2048.gflops	2	1953.561	GFLOPS
ladder_host	cup8bench.N2048.batch_per_launch_ms	2	8.981	ms
ladder_host	cup8bench.N2048.batch_gflops	2	1912.908	GFLOPS
ladder_host	cup8bench.N2048.h2d_ms	2	2.695	ms
ladder_host	cup8bench.N2048.d2h_med_ms	2	1.219	ms
ladder_host	cup8bench.N2048.submit_med_ms	2	0.001	ms
ladder_host	cup8bench.N2048.sync_med_ms	2	8.793	ms
ladder_host	derived.N2048.h2d_GBps	2	12.450624118738405	GB/s
ladder_host	derived.N2048.d2h_GBps	2	13.76309762100082	GB/s
ladder_host	pass.cup8bench	3	1.0	bool
ladder_host	wall_ms.cup8bench	3	1408.0	ms
ladder_host	cup8bench.init_ms	3	39.95	ms
ladder_host	cup8bench.ctx_ms	3	71.54	ms
ladder_host	cup8bench.module_ms	3	0.06	ms
ladder_host	cup8bench.N16.first_ms	3	0.019	ms
ladder_host	cup8bench.N16.med_ms	3	0.004	ms
ladder_host	cup8bench.N16.p90_ms	3	0.005	ms
ladder_host	cup8bench.N16.min_ms	3	0.004	ms
ladder_host	cup8bench.N16.gflops	3	1.845	GFLOPS
ladder_host	cup8bench.N16.batch_per_launch_ms	3	0.002	ms
ladder_host	cup8bench.N16.batch_gflops	3	4.792	GFLOPS
ladder_host	cup8bench.N16.h2d_ms	3	0.012	ms
ladder_host	cup8bench.N16.d2h_med_ms	3	0.004	ms
ladder_host	cup8bench.N16.submit_med_ms	3	0.001	ms
ladder_host	cup8bench.N16.sync_med_ms	3	0.003	ms
ladder_host	cup8bench.N2048.first_ms	3	8.775	ms
ladder_host	cup8bench.N2048.med_ms	3	8.796	ms
ladder_host	cup8bench.N2048.p90_ms	3	8.801	ms
ladder_host	cup8bench.N2048.min_ms	3	8.769	ms
ladder_host	cup8bench.N2048.gflops	3	1953.083	GFLOPS
ladder_host	cup8bench.N2048.batch_per_launch_ms	3	8.975	ms
ladder_host	cup8bench.N2048.batch_gflops	3	1914.168	GFLOPS
ladder_host	cup8bench.N2048.h2d_ms	3	2.687	ms
ladder_host	cup8bench.N2048.d2h_med_ms	3	1.196	ms
ladder_host	cup8bench.N2048.submit_med_ms	3	0.001	ms
ladder_host	cup8bench.N2048.sync_med_ms	3	8.795	ms
ladder_host	derived.N2048.h2d_GBps	3	12.487693338295498	GB/s
ladder_host	derived.N2048.d2h_GBps	3	14.027772575250836	GB/s
ladder_guest	pass.cup2	1	1.0	bool
ladder_guest	trapped.cup2	1	12119.0	count
ladder_guest	pass.cup3	1	1.0	bool
ladder_guest	trapped.cup3	1	12117.0	count
ladder_guest	pass.cup8	1	1.0	bool
ladder_guest	trapped.cup8	1	12249.0	count
ladder_guest	wall_s.cup8	1	1.0	s
ladder_guest	pass.cup8bench	1	1.0	bool
ladder_guest	trapped.cup8bench	1	12959.0	count
ladder_guest	wall_s.cup8bench	1	2.0	s
ladder_guest	cup8bench.N16.first_ms	1	0.068	ms
ladder_guest	cup8bench.N16.med_ms	1	0.013	ms
ladder_guest	cup8bench.N16.p90_ms	1	0.014	ms
ladder_guest	cup8bench.N16.min_ms	1	0.013	ms
ladder_guest	cup8bench.N16.gflops	1	0.61	GFLOPS
ladder_guest	cup8bench.N16.batch_per_launch_ms	1	0.01	ms
ladder_guest	cup8bench.N16.batch_gflops	1	0.803	GFLOPS
ladder_guest	cup8bench.N16.h2d_ms	1	0.214	ms
ladder_guest	cup8bench.N16.d2h_med_ms	1	0.012	ms
ladder_guest	cup8bench.N16.submit_med_ms	1	0.01	ms
ladder_guest	cup8bench.N16.sync_med_ms	1	0.003	ms
ladder_guest	cup8bench.N2048.first_ms	1	10.133	ms
ladder_guest	cup8bench.N2048.med_ms	1	10.102	ms
ladder_guest	cup8bench.N2048.p90_ms	1	10.106	ms
ladder_guest	cup8bench.N2048.min_ms	1	8.757	ms
ladder_guest	cup8bench.N2048.gflops	1	1700.659	GFLOPS
ladder_guest	cup8bench.N2048.batch_per_launch_ms	1	8.936	ms
ladder_guest	cup8bench.N2048.batch_gflops	1	1922.604	GFLOPS
ladder_guest	cup8bench.N2048.h2d_ms	1	2.628	ms
ladder_guest	cup8bench.N2048.d2h_med_ms	1	1.446	ms
ladder_guest	cup8bench.N2048.submit_med_ms	1	0.011	ms
ladder_guest	cup8bench.N2048.sync_med_ms	1	10.091	ms
ladder_guest	derived.N2048.h2d_GBps	1	12.768048706240487	GB/s
ladder_guest	derived.N2048.d2h_GBps	1	11.602500691562932	GB/s
ladder_guest	cup8bench.init_ms	1	467.71	ms
ladder_guest	cup8bench.ctx_ms	1	243.66	ms
ladder_guest	cup8bench.module_ms	1	0.32	ms
ladder_guest	pass.cup2	2	1.0	bool
ladder_guest	trapped.cup2	2	12120.0	count
ladder_guest	pass.cup3	2	1.0	bool
ladder_guest	trapped.cup3	2	12123.0	count
ladder_guest	pass.cup8	2	1.0	bool
ladder_guest	trapped.cup8	2	12250.0	count
ladder_guest	wall_s.cup8	2	1.0	s
ladder_guest	pass.cup8bench	2	1.0	bool
ladder_guest	trapped.cup8bench	2	12956.0	count
ladder_guest	wall_s.cup8bench	2	2.0	s
ladder_guest	cup8bench.N16.first_ms	2	0.146	ms
ladder_guest	cup8bench.N16.med_ms	2	0.014	ms
ladder_guest	cup8bench.N16.p90_ms	2	0.014	ms
ladder_guest	cup8bench.N16.min_ms	2	0.013	ms
ladder_guest	cup8bench.N16.gflops	2	0.605	GFLOPS
ladder_guest	cup8bench.N16.batch_per_launch_ms	2	0.01	ms
ladder_guest	cup8bench.N16.batch_gflops	2	0.803	GFLOPS
ladder_guest	cup8bench.N16.h2d_ms	2	0.308	ms
ladder_guest	cup8bench.N16.d2h_med_ms	2	0.012	ms
ladder_guest	cup8bench.N16.submit_med_ms	2	0.01	ms
ladder_guest	cup8bench.N16.sync_med_ms	2	0.003	ms
ladder_guest	cup8bench.N2048.first_ms	2	10.131	ms
ladder_guest	cup8bench.N2048.med_ms	2	10.102	ms
ladder_guest	cup8bench.N2048.p90_ms	2	10.108	ms
ladder_guest	cup8bench.N2048.min_ms	2	8.756	ms
ladder_guest	cup8bench.N2048.gflops	2	1700.597	GFLOPS
ladder_guest	cup8bench.N2048.batch_per_launch_ms	2	8.963	ms
ladder_guest	cup8bench.N2048.batch_gflops	2	1916.694	GFLOPS
ladder_guest	cup8bench.N2048.h2d_ms	2	2.918	ms
ladder_guest	cup8bench.N2048.d2h_med_ms	2	1.462	ms
ladder_guest	cup8bench.N2048.submit_med_ms	2	0.01	ms
ladder_guest	cup8bench.N2048.sync_med_ms	2	10.09	ms
ladder_guest	derived.N2048.h2d_GBps	2	11.499119945167923	GB/s
ladder_guest	derived.N2048.d2h_GBps	2	11.47552393980848	GB/s
ladder_guest	cup8bench.init_ms	2	475.85	ms
ladder_guest	cup8bench.ctx_ms	2	179.08	ms
ladder_guest	cup8bench.module_ms	2	0.4	ms
ladder_guest	pass.cup2	3	1.0	bool
ladder_guest	trapped.cup2	3	12108.0	count
ladder_guest	pass.cup3	3	1.0	bool
ladder_guest	trapped.cup3	3	12116.0	count
ladder_guest	pass.cup8	3	1.0	bool
ladder_guest	trapped.cup8	3	12249.0	count
ladder_guest	wall_s.cup8	3	1.0	s
ladder_guest	pass.cup8bench	3	1.0	bool
ladder_guest	trapped.cup8bench	3	12959.0	count
ladder_guest	wall_s.cup8bench	3	2.0	s
ladder_guest	cup8bench.N16.first_ms	3	0.059	ms
ladder_guest	cup8bench.N16.med_ms	3	0.013	ms
ladder_guest	cup8bench.N16.p90_ms	3	0.014	ms
ladder_guest	cup8bench.N16.min_ms	3	0.013	ms
ladder_guest	cup8bench.N16.gflops	3	0.608	GFLOPS
ladder_guest	cup8bench.N16.batch_per_launch_ms	3	0.01	ms
ladder_guest	cup8bench.N16.batch_gflops	3	0.803	GFLOPS
ladder_guest	cup8bench.N16.h2d_ms	3	0.217	ms
ladder_guest	cup8bench.N16.d2h_med_ms	3	0.012	ms
ladder_guest	cup8bench.N16.submit_med_ms	3	0.01	ms
ladder_guest	cup8bench.N16.sync_med_ms	3	0.003	ms
ladder_guest	cup8bench.N2048.first_ms	3	10.129	ms
ladder_guest	cup8bench.N2048.med_ms	3	8.762	ms
ladder_guest	cup8bench.N2048.p90_ms	3	10.107	ms
ladder_guest	cup8bench.N2048.min_ms	3	8.756	ms
ladder_guest	cup8bench.N2048.gflops	3	1960.631	GFLOPS
ladder_guest	cup8bench.N2048.batch_per_launch_ms	3	8.974	ms
ladder_guest	cup8bench.N2048.batch_gflops	3	1914.419	GFLOPS
ladder_guest	cup8bench.N2048.h2d_ms	3	2.944	ms
ladder_guest	cup8bench.N2048.d2h_med_ms	3	1.428	ms
ladder_guest	cup8bench.N2048.submit_med_ms	3	0.011	ms
ladder_guest	cup8bench.N2048.sync_med_ms	3	8.752	ms
ladder_guest	derived.N2048.h2d_GBps	3	11.397565217391303	GB/s
ladder_guest	derived.N2048.d2h_GBps	3	11.74875070028011	GB/s
ladder_guest	cup8bench.init_ms	3	479.32	ms
ladder_guest	cup8bench.ctx_ms	3	262.04	ms
ladder_guest	cup8bench.module_ms	3	0.28	ms
ladder_guest	derived.N16.batch_launch_us	1	10.200000000000001	us
ladder_guest	derived.launch_rate_per_s.batched_precise	1	98039.2156862745	launches/s
ladder_guest	derived.N2048.batch_launch_us	1	8935.73	us
ladder_guest	derived.N16.batch_launch_us	2	10.209999999999999	us
ladder_guest	derived.launch_rate_per_s.batched_precise	2	97943.19294809012	launches/s
ladder_guest	derived.N2048.batch_launch_us	2	8963.279999999999	us
ladder_guest	derived.N16.batch_launch_us	3	10.209999999999999	us
ladder_guest	derived.launch_rate_per_s.batched_precise	3	97943.19294809012	launches/s
ladder_guest	derived.N2048.batch_launch_us	3	8973.93	us
ladder_host	derived.N16.batch_launch_us	1	1.9300000000000002	us
ladder_host	derived.launch_rate_per_s.batched_precise	1	518134.7150259067	launches/s
ladder_host	derived.N2048.batch_launch_us	1	8961.21	us
ladder_host	derived.N16.batch_launch_us	2	1.7000000000000002	us
ladder_host	derived.launch_rate_per_s.batched_precise	2	588235.294117647	launches/s
ladder_host	derived.N2048.batch_launch_us	2	8981.019999999999	us
ladder_host	derived.N16.batch_launch_us	3	1.7100000000000002	us
ladder_host	derived.launch_rate_per_s.batched_precise	3	584795.3216374269	launches/s
ladder_host	derived.N2048.batch_launch_us	3	8975.109999999999	us
exit_off	probe.p50_ns	1	6094.0	ns
exit_off	probe.p90_ns	1	6141.0	ns
exit_off	probe.p99_ns	1	6161.0	ns
exit_off	probe.mean_ns	1	6095.0	ns
exit_off	unknown.p50_ns	1	6102.0	ns
exit_off	unknown.p90_ns	1	6174.0	ns
exit_off	unknown.p99_ns	1	6218.0	ns
exit_off	unknown.mean_ns	1	6108.0	ns
exit_off	probe.p50_ns	1	6094.0	ns
exit_off	probe.p90_ns	1	6144.0	ns
exit_off	probe.p99_ns	1	6177.0	ns
exit_off	probe.mean_ns	1	6103.0	ns
exit_off	unknown.p50_ns	1	6091.0	ns
exit_off	unknown.p90_ns	1	6145.0	ns
exit_off	unknown.p99_ns	1	6218.0	ns
exit_off	unknown.mean_ns	1	6097.0	ns
exit_off	probe.p50_ns	1	6095.0	ns
exit_off	probe.p90_ns	1	6146.0	ns
exit_off	probe.p99_ns	1	6190.0	ns
exit_off	probe.mean_ns	1	6100.0	ns
exit_off	unknown.p50_ns	1	6089.0	ns
exit_off	unknown.p90_ns	1	6141.0	ns
exit_off	unknown.p99_ns	1	6171.0	ns
exit_off	unknown.mean_ns	1	6093.0	ns
exit_off	dummy_lockless.p50_ns	1	5232.0	ns
exit_off	dummy_lockless.p90_ns	1	5279.0	ns
exit_off	dummy_lockless.p99_ns	1	5304.0	ns
exit_off	dummy_lockless.mean_ns	1	5230.0	ns
exit_off	dummy_bql.p50_ns	1	5366.0	ns
exit_off	dummy_bql.p90_ns	1	5473.0	ns
exit_off	dummy_bql.p99_ns	1	5515.0	ns
exit_off	dummy_bql.mean_ns	1	5382.0	ns
exit_off	dummy_ioeventfd.p50_ns	1	1289.0	ns
exit_off	dummy_ioeventfd.p90_ns	1	1328.0	ns
exit_off	dummy_ioeventfd.p99_ns	1	1374.0	ns
exit_off	dummy_ioeventfd.mean_ns	1	1297.0	ns
exit_off	probe.p50_ns	2	6090.0	ns
exit_off	probe.p90_ns	2	6144.0	ns
exit_off	probe.p99_ns	2	6207.0	ns
exit_off	probe.mean_ns	2	6091.0	ns
exit_off	unknown.p50_ns	2	6085.0	ns
exit_off	unknown.p90_ns	2	6139.0	ns
exit_off	unknown.p99_ns	2	6185.0	ns
exit_off	unknown.mean_ns	2	6086.0	ns
exit_off	probe.p50_ns	2	6095.0	ns
exit_off	probe.p90_ns	2	6149.0	ns
exit_off	probe.p99_ns	2	6225.0	ns
exit_off	probe.mean_ns	2	6098.0	ns
exit_off	unknown.p50_ns	2	6095.0	ns
exit_off	unknown.p90_ns	2	6145.0	ns
exit_off	unknown.p99_ns	2	6189.0	ns
exit_off	unknown.mean_ns	2	6092.0	ns
exit_off	probe.p50_ns	2	6103.0	ns
exit_off	probe.p90_ns	2	6153.0	ns
exit_off	probe.p99_ns	2	6215.0	ns
exit_off	probe.mean_ns	2	6103.0	ns
exit_off	unknown.p50_ns	2	6095.0	ns
exit_off	unknown.p90_ns	2	6147.0	ns
exit_off	unknown.p99_ns	2	6201.0	ns
exit_off	unknown.mean_ns	2	6092.0	ns
exit_off	dummy_lockless.p50_ns	2	5253.0	ns
exit_off	dummy_lockless.p90_ns	2	5285.0	ns
exit_off	dummy_lockless.p99_ns	2	5317.0	ns
exit_off	dummy_lockless.mean_ns	2	5231.0	ns
exit_off	dummy_bql.p50_ns	2	5368.0	ns
exit_off	dummy_bql.p90_ns	2	5427.0	ns
exit_off	dummy_bql.p99_ns	2	5514.0	ns
exit_off	dummy_bql.mean_ns	2	5372.0	ns
exit_off	dummy_ioeventfd.p50_ns	2	1285.0	ns
exit_off	dummy_ioeventfd.p90_ns	2	1336.0	ns
exit_off	dummy_ioeventfd.p99_ns	2	1403.0	ns
exit_off	dummy_ioeventfd.mean_ns	2	1297.0	ns
exit_off	probe.p50_ns	3	5905.0	ns
exit_off	probe.p90_ns	3	5962.0	ns
exit_off	probe.p99_ns	3	6043.0	ns
exit_off	probe.mean_ns	3	5905.0	ns
exit_off	unknown.p50_ns	3	6108.0	ns
exit_off	unknown.p90_ns	3	6161.0	ns
exit_off	unknown.p99_ns	3	6227.0	ns
exit_off	unknown.mean_ns	3	6108.0	ns
exit_off	probe.p50_ns	3	6101.0	ns
exit_off	probe.p90_ns	3	6145.0	ns
exit_off	probe.p99_ns	3	6164.0	ns
exit_off	probe.mean_ns	3	6092.0	ns
exit_off	unknown.p50_ns	3	6119.0	ns
exit_off	unknown.p90_ns	3	6160.0	ns
exit_off	unknown.p99_ns	3	6236.0	ns
exit_off	unknown.mean_ns	3	6108.0	ns
exit_off	probe.p50_ns	3	6126.0	ns
exit_off	probe.p90_ns	3	6159.0	ns
exit_off	probe.p99_ns	3	6188.0	ns
exit_off	probe.mean_ns	3	6105.0	ns
exit_off	unknown.p50_ns	3	5924.0	ns
exit_off	unknown.p90_ns	3	5957.0	ns
exit_off	unknown.p99_ns	3	6034.0	ns
exit_off	unknown.mean_ns	3	5901.0	ns
exit_off	dummy_lockless.p50_ns	3	5233.0	ns
exit_off	dummy_lockless.p90_ns	3	5292.0	ns
exit_off	dummy_lockless.p99_ns	3	5362.0	ns
exit_off	dummy_lockless.mean_ns	3	5230.0	ns
exit_off	dummy_bql.p50_ns	3	5397.0	ns
exit_off	dummy_bql.p90_ns	3	5436.0	ns
exit_off	dummy_bql.p99_ns	3	5492.0	ns
exit_off	dummy_bql.mean_ns	3	5379.0	ns
exit_off	dummy_ioeventfd.p50_ns	3	1285.0	ns
exit_off	dummy_ioeventfd.p90_ns	3	1333.0	ns
exit_off	dummy_ioeventfd.p99_ns	3	1388.0	ns
exit_off	dummy_ioeventfd.mean_ns	3	1297.0	ns
exit_on	probe.p50_ns	1	1851.0	ns
exit_on	probe.p90_ns	1	1908.0	ns
exit_on	probe.p99_ns	1	2327.0	ns
exit_on	probe.mean_ns	1	1868.0	ns
exit_on	unknown.p50_ns	1	6145.0	ns
exit_on	unknown.p90_ns	1	6193.0	ns
exit_on	unknown.p99_ns	1	6216.0	ns
exit_on	unknown.mean_ns	1	6145.0	ns
exit_on	probe.p50_ns	1	1839.0	ns
exit_on	probe.p90_ns	1	1926.0	ns
exit_on	probe.p99_ns	1	1992.0	ns
exit_on	probe.mean_ns	1	1865.0	ns
exit_on	unknown.p50_ns	1	6155.0	ns
exit_on	unknown.p90_ns	1	6209.0	ns
exit_on	unknown.p99_ns	1	6436.0	ns
exit_on	unknown.mean_ns	1	6168.0	ns
exit_on	probe.p50_ns	1	1836.0	ns
exit_on	probe.p90_ns	1	1919.0	ns
exit_on	probe.p99_ns	1	1973.0	ns
exit_on	probe.mean_ns	1	1856.0	ns
exit_on	unknown.p50_ns	1	6150.0	ns
exit_on	unknown.p90_ns	1	6199.0	ns
exit_on	unknown.p99_ns	1	6431.0	ns
exit_on	unknown.mean_ns	1	6160.0	ns
exit_on	dummy_lockless.p50_ns	1	5226.0	ns
exit_on	dummy_lockless.p90_ns	1	5277.0	ns
exit_on	dummy_lockless.p99_ns	1	5482.0	ns
exit_on	dummy_lockless.mean_ns	1	5231.0	ns
exit_on	dummy_bql.p50_ns	1	5380.0	ns
exit_on	dummy_bql.p90_ns	1	5440.0	ns
exit_on	dummy_bql.p99_ns	1	5475.0	ns
exit_on	dummy_bql.mean_ns	1	5386.0	ns
exit_on	dummy_ioeventfd.p50_ns	1	1284.0	ns
exit_on	dummy_ioeventfd.p90_ns	1	1325.0	ns
exit_on	dummy_ioeventfd.p99_ns	1	1340.0	ns
exit_on	dummy_ioeventfd.mean_ns	1	1291.0	ns
exit_on	probe.p50_ns	2	1835.0	ns
exit_on	probe.p90_ns	2	1888.0	ns
exit_on	probe.p99_ns	2	1910.0	ns
exit_on	probe.mean_ns	2	1848.0	ns
exit_on	unknown.p50_ns	2	6157.0	ns
exit_on	unknown.p90_ns	2	6211.0	ns
exit_on	unknown.p99_ns	2	6562.0	ns
exit_on	unknown.mean_ns	2	6173.0	ns
exit_on	probe.p50_ns	2	1839.0	ns
exit_on	probe.p90_ns	2	1894.0	ns
exit_on	probe.p99_ns	2	1944.0	ns
exit_on	probe.mean_ns	2	1856.0	ns
exit_on	unknown.p50_ns	2	6157.0	ns
exit_on	unknown.p90_ns	2	6206.0	ns
exit_on	unknown.p99_ns	2	6280.0	ns
exit_on	unknown.mean_ns	2	6159.0	ns
exit_on	probe.p50_ns	2	1835.0	ns
exit_on	probe.p90_ns	2	1932.0	ns
exit_on	probe.p99_ns	2	2514.0	ns
exit_on	probe.mean_ns	2	1874.0	ns
exit_on	unknown.p50_ns	2	6158.0	ns
exit_on	unknown.p90_ns	2	6205.0	ns
exit_on	unknown.p99_ns	2	6285.0	ns
exit_on	unknown.mean_ns	2	6164.0	ns
exit_on	dummy_lockless.p50_ns	2	5222.0	ns
exit_on	dummy_lockless.p90_ns	2	5274.0	ns
exit_on	dummy_lockless.p99_ns	2	5297.0	ns
exit_on	dummy_lockless.mean_ns	2	5220.0	ns
exit_on	dummy_bql.p50_ns	2	5357.0	ns
exit_on	dummy_bql.p90_ns	2	5437.0	ns
exit_on	dummy_bql.p99_ns	2	5509.0	ns
exit_on	dummy_bql.mean_ns	2	5362.0	ns
exit_on	dummy_ioeventfd.p50_ns	2	1278.0	ns
exit_on	dummy_ioeventfd.p90_ns	2	1332.0	ns
exit_on	dummy_ioeventfd.p99_ns	2	1398.0	ns
exit_on	dummy_ioeventfd.mean_ns	2	1293.0	ns
exit_on	probe.p50_ns	3	2197.0	ns
exit_on	probe.p90_ns	3	2267.0	ns
exit_on	probe.p99_ns	3	2325.0	ns
exit_on	probe.mean_ns	3	2198.0	ns
exit_on	unknown.p50_ns	3	6150.0	ns
exit_on	unknown.p90_ns	3	6198.0	ns
exit_on	unknown.p99_ns	3	6228.0	ns
exit_on	unknown.mean_ns	3	6154.0	ns
exit_on	probe.p50_ns	3	2242.0	ns
exit_on	probe.p90_ns	3	2319.0	ns
exit_on	probe.p99_ns	3	2404.0	ns
exit_on	probe.mean_ns	3	2248.0	ns
exit_on	unknown.p50_ns	3	6160.0	ns
exit_on	unknown.p90_ns	3	6211.0	ns
exit_on	unknown.p99_ns	3	6256.0	ns
exit_on	unknown.mean_ns	3	6164.0	ns
exit_on	probe.p50_ns	3	1841.0	ns
exit_on	probe.p90_ns	3	1959.0	ns
exit_on	probe.p99_ns	3	2269.0	ns
exit_on	probe.mean_ns	3	1885.0	ns
exit_on	unknown.p50_ns	3	5959.0	ns
exit_on	unknown.p90_ns	3	6010.0	ns
exit_on	unknown.p99_ns	3	6035.0	ns
exit_on	unknown.mean_ns	3	5960.0	ns
exit_on	dummy_lockless.p50_ns	3	5231.0	ns
exit_on	dummy_lockless.p90_ns	3	5281.0	ns
exit_on	dummy_lockless.p99_ns	3	5304.0	ns
exit_on	dummy_lockless.mean_ns	3	5225.0	ns
exit_on	dummy_bql.p50_ns	3	5366.0	ns
exit_on	dummy_bql.p90_ns	3	5455.0	ns
exit_on	dummy_bql.p99_ns	3	5495.0	ns
exit_on	dummy_bql.mean_ns	3	5377.0	ns
exit_on	dummy_ioeventfd.p50_ns	3	1286.0	ns
exit_on	dummy_ioeventfd.p90_ns	3	1329.0	ns
exit_on	dummy_ioeventfd.p99_ns	3	1346.0	ns
exit_on	dummy_ioeventfd.mean_ns	3	1296.0	ns
