lane	metric	unit	n	median	min	max
bare	SUM.ms	ms	3	55610	55407	55710
bare	arms_pass	count	3	30	30	30
bare	arms_total	count	3	30	30	30
bare	ms.alias-two-vas	ms	3	109	109	109
bare	ms.alias-unmap-observe	ms	3	109	109	109
bare	ms.atomics-probe	ms	3	109	109	109
bare	ms.bar1-crossing	ms	3	109	109	109
bare	ms.blockage-coverage	ms	3	510	510	510
bare	ms.bus-info-sweep	ms	3	3319	3318	3319
bare	ms.ce-client	ms	3	109	109	109
bare	ms.ce-client-guest-ram	ms	3	2110	2009	2110
bare	ms.concurrency	ms	3	3012	3011	3013
bare	ms.concurrent-fuzz	ms	3	209	209	210
bare	ms.cross-client-leak	ms	3	109	109	109
bare	ms.defer-liveness	ms	3	12116	12116	12117
bare	ms.dictated-ring	ms	3	109	109	109
bare	ms.dictated-ring-negative	ms	3	109	109	109
bare	ms.doorbell-census	ms	3	109	109	209
bare	ms.engines	ms	3	108	108	108
bare	ms.executor-vas	ms	3	109	109	109
bare	ms.gpga-reserve-probe	ms	3	27521	27421	27523
bare	ms.gpu-info-sweep	ms	3	109	109	109
bare	ms.guest-ram-pin	ms	3	109	109	109
bare	ms.guest-ring-channel	ms	3	109	109	109
bare	ms.late-map-race	ms	3	510	510	510
bare	ms.map-propagation	ms	3	109	108	109
bare	ms.map-stress	ms	3	109	109	109
bare	ms.missing-page-fault	ms	3	3111	3111	3112
bare	ms.pce-mask-probe	ms	3	109	109	109
bare	ms.rpc-mixed-allocs	ms	3	912	912	912
bare	ms.timer	ms	3	109	109	109
bare	ms.uvm-invalidate	ms	3	108	108	108
bare	ms.uvm-mean	ms	3	209	209	210
exit_off	dummy_bql.mean_ns	ns	3	5379	5372	5382
exit_off	dummy_bql.p50_ns	ns	3	5368	5366	5397
exit_off	dummy_bql.p90_ns	ns	3	5436	5427	5473
exit_off	dummy_bql.p99_ns	ns	3	5514	5492	5515
exit_off	dummy_ioeventfd.mean_ns	ns	3	1297	1297	1297
exit_off	dummy_ioeventfd.p50_ns	ns	3	1285	1285	1289
exit_off	dummy_ioeventfd.p90_ns	ns	3	1333	1328	1336
exit_off	dummy_ioeventfd.p99_ns	ns	3	1388	1374	1403
exit_off	dummy_lockless.mean_ns	ns	3	5230	5230	5231
exit_off	dummy_lockless.p50_ns	ns	3	5233	5232	5253
exit_off	dummy_lockless.p90_ns	ns	3	5285	5279	5292
exit_off	dummy_lockless.p99_ns	ns	3	5317	5304	5362
exit_off	probe.mean_ns	ns	9	6098	5905	6105
exit_off	probe.p50_ns	ns	9	6095	5905	6126
exit_off	probe.p90_ns	ns	9	6145	5962	6159
exit_off	probe.p99_ns	ns	9	6188	6043	6225
exit_off	unknown.mean_ns	ns	9	6093	5901	6108
exit_off	unknown.p50_ns	ns	9	6095	5924	6119
exit_off	unknown.p90_ns	ns	9	6145	5957	6174
exit_off	unknown.p99_ns	ns	9	6201	6034	6236
exit_on	dummy_bql.mean_ns	ns	3	5377	5362	5386
exit_on	dummy_bql.p50_ns	ns	3	5366	5357	5380
exit_on	dummy_bql.p90_ns	ns	3	5440	5437	5455
exit_on	dummy_bql.p99_ns	ns	3	5495	5475	5509
exit_on	dummy_ioeventfd.mean_ns	ns	3	1293	1291	1296
exit_on	dummy_ioeventfd.p50_ns	ns	3	1284	1278	1286
exit_on	dummy_ioeventfd.p90_ns	ns	3	1329	1325	1332
exit_on	dummy_ioeventfd.p99_ns	ns	3	1346	1340	1398
exit_on	dummy_lockless.mean_ns	ns	3	5225	5220	5231
exit_on	dummy_lockless.p50_ns	ns	3	5226	5222	5231
exit_on	dummy_lockless.p90_ns	ns	3	5277	5274	5281
exit_on	dummy_lockless.p99_ns	ns	3	5304	5297	5482
exit_on	probe.mean_ns	ns	9	1868	1848	2248
exit_on	probe.p50_ns	ns	9	1839	1835	2242
exit_on	probe.p90_ns	ns	9	1926	1888	2319
exit_on	probe.p99_ns	ns	9	2269	1910	2514
exit_on	unknown.mean_ns	ns	9	6160	5960	6173
exit_on	unknown.p50_ns	ns	9	6155	5959	6160
exit_on	unknown.p90_ns	ns	9	6205	6010	6211
exit_on	unknown.p99_ns	ns	9	6280	6035	6562
fast	SUM.client_ms	ms	3	65820	65641	66057
fast	SUM.wall_s	s	3	167	166	167
fast	arms_pass	count	3	30	30	30
fast	arms_total	count	3	30	30	30
fast	client_ms.alias-two-vas	ms	3	390	379	390
fast	client_ms.alias-unmap-observe	ms	3	390	390	399
fast	client_ms.atomics-probe	ms	3	379	379	380
fast	client_ms.bar1-crossing	ms	3	390	379	390
fast	client_ms.blockage-coverage	ms	3	810	800	810
fast	client_ms.bus-info-sweep	ms	3	3600	3599	3600
fast	client_ms.ce-client	ms	3	430	429	439
fast	client_ms.ce-client-guest-ram	ms	3	19959	19880	20080
fast	client_ms.concurrency	ms	3	3340	3340	3340
fast	client_ms.concurrent-fuzz	ms	3	1410	1299	1460
fast	client_ms.cross-client-leak	ms	3	459	450	459
fast	client_ms.defer-liveness	ms	3	12510	12500	12530
fast	client_ms.dictated-ring	ms	3	379	379	390
fast	client_ms.dictated-ring-negative	ms	3	429	420	430
fast	client_ms.doorbell-census	ms	3	820	800	830
fast	client_ms.engines	ms	3	669	669	670
fast	client_ms.executor-vas	ms	3	430	429	439
fast	client_ms.gpga-reserve-probe	ms	3	9300	9300	9310
fast	client_ms.gpu-info-sweep	ms	3	390	379	390
fast	client_ms.guest-ram-pin	ms	3	420	410	429
fast	client_ms.guest-ring-channel	ms	3	410	390	410
fast	client_ms.late-map-race	ms	3	799	799	810
fast	client_ms.map-propagation	ms	3	379	379	390
fast	client_ms.map-stress	ms	3	650	649	660
fast	client_ms.missing-page-fault	ms	3	3450	3440	3460
fast	client_ms.pce-mask-probe	ms	3	379	370	379
fast	client_ms.rpc-mixed-allocs	ms	3	1230	1230	1250
fast	client_ms.timer	ms	3	399	399	410
fast	client_ms.uvm-invalidate	ms	3	540	529	549
fast	client_ms.uvm-mean	ms	3	700	690	710
fast	wall_s.alias-two-vas	s	3	4	3	4
fast	wall_s.alias-unmap-observe	s	3	3	3	4
fast	wall_s.atomics-probe	s	3	3	3	4
fast	wall_s.bar1-crossing	s	3	4	3	4
fast	wall_s.blockage-coverage	s	3	4	4	4
fast	wall_s.bus-info-sweep	s	3	7	7	7
fast	wall_s.ce-client	s	3	4	3	4
fast	wall_s.ce-client-guest-ram	s	3	23	23	24
fast	wall_s.concurrency	s	3	6	6	7
fast	wall_s.concurrent-fuzz	s	3	5	5	5
fast	wall_s.cross-client-leak	s	3	4	4	4
fast	wall_s.defer-liveness	s	3	16	15	16
fast	wall_s.dictated-ring	s	3	4	3	4
fast	wall_s.dictated-ring-negative	s	3	4	4	4
fast	wall_s.doorbell-census	s	3	5	4	5
fast	wall_s.engines	s	3	4	4	5
fast	wall_s.executor-vas	s	3	4	4	4
fast	wall_s.gpga-reserve-probe	s	3	13	12	13
fast	wall_s.gpu-info-sweep	s	3	4	3	4
fast	wall_s.guest-ram-pin	s	3	4	4	4
fast	wall_s.guest-ring-channel	s	3	4	4	4
fast	wall_s.late-map-race	s	3	4	4	5
fast	wall_s.map-propagation	s	3	4	4	4
fast	wall_s.map-stress	s	3	4	4	4
fast	wall_s.missing-page-fault	s	3	7	6	7
fast	wall_s.pce-mask-probe	s	3	3	3	4
fast	wall_s.rpc-mixed-allocs	s	3	5	5	5
fast	wall_s.timer	s	3	4	3	4
fast	wall_s.uvm-invalidate	s	3	4	3	4
fast	wall_s.uvm-mean	s	3	4	4	4
ladder_guest	cup8bench.N16.batch_gflops	GFLOPS	3	0.803	0.803	0.803
ladder_guest	cup8bench.N16.batch_per_launch_ms	ms	3	0.01	0.01	0.01
ladder_guest	cup8bench.N16.d2h_med_ms	ms	3	0.012	0.012	0.012
ladder_guest	cup8bench.N16.first_ms	ms	3	0.068	0.059	0.146
ladder_guest	cup8bench.N16.gflops	GFLOPS	3	0.608	0.605	0.61
ladder_guest	cup8bench.N16.h2d_ms	ms	3	0.217	0.214	0.308
ladder_guest	cup8bench.N16.med_ms	ms	3	0.013	0.013	0.014
ladder_guest	cup8bench.N16.min_ms	ms	3	0.013	0.013	0.013
ladder_guest	cup8bench.N16.p90_ms	ms	3	0.014	0.014	0.014
ladder_guest	cup8bench.N16.submit_med_ms	ms	3	0.01	0.01	0.01
ladder_guest	cup8bench.N16.sync_med_ms	ms	3	0.003	0.003	0.003
ladder_guest	cup8bench.N2048.batch_gflops	GFLOPS	3	1916.69	1914.42	1922.6
ladder_guest	cup8bench.N2048.batch_per_launch_ms	ms	3	8.963	8.936	8.974
ladder_guest	cup8bench.N2048.d2h_med_ms	ms	3	1.446	1.428	1.462
ladder_guest	cup8bench.N2048.first_ms	ms	3	10.131	10.129	10.133
ladder_guest	cup8bench.N2048.gflops	GFLOPS	3	1700.66	1700.6	1960.63
ladder_guest	cup8bench.N2048.h2d_ms	ms	3	2.918	2.628	2.944
ladder_guest	cup8bench.N2048.med_ms	ms	3	10.102	8.762	10.102
ladder_guest	cup8bench.N2048.min_ms	ms	3	8.756	8.756	8.757
ladder_guest	cup8bench.N2048.p90_ms	ms	3	10.107	10.106	10.108
ladder_guest	cup8bench.N2048.submit_med_ms	ms	3	0.011	0.01	0.011
ladder_guest	cup8bench.N2048.sync_med_ms	ms	3	10.09	8.752	10.091
ladder_guest	cup8bench.ctx_ms	ms	3	243.66	179.08	262.04
ladder_guest	cup8bench.init_ms	ms	3	475.85	467.71	479.32
ladder_guest	cup8bench.module_ms	ms	3	0.32	0.28	0.4
ladder_guest	derived.N16.batch_launch_us	us	3	10.21	10.2	10.21
ladder_guest	derived.N2048.batch_launch_us	us	3	8963.28	8935.73	8973.93
ladder_guest	derived.N2048.d2h_GBps	GB/s	3	11.6025	11.4755	11.7488
ladder_guest	derived.N2048.h2d_GBps	GB/s	3	11.4991	11.3976	12.768
ladder_guest	derived.launch_rate_per_s.batched_precise	launches/s	3	97943.2	97943.2	98039.2
ladder_guest	pass.cup2	bool	3	1	1	1
ladder_guest	pass.cup3	bool	3	1	1	1
ladder_guest	pass.cup8	bool	3	1	1	1
ladder_guest	pass.cup8bench	bool	3	1	1	1
ladder_guest	trapped.cup2	count	3	12119	12108	12120
ladder_guest	trapped.cup3	count	3	12117	12116	12123
ladder_guest	trapped.cup8	count	3	12249	12249	12250
ladder_guest	trapped.cup8bench	count	3	12959	12956	12959
ladder_guest	wall_s.cup8	s	3	1	1	1
ladder_guest	wall_s.cup8bench	s	3	2	2	2
ladder_host	cup8bench.N16.batch_gflops	GFLOPS	3	4.792	4.243	4.82
ladder_host	cup8bench.N16.batch_per_launch_ms	ms	3	0.002	0.002	0.002
ladder_host	cup8bench.N16.d2h_med_ms	ms	3	0.004	0.004	0.004
ladder_host	cup8bench.N16.first_ms	ms	3	0.018	0.018	0.019
ladder_host	cup8bench.N16.gflops	GFLOPS	3	1.845	1.769	1.853
ladder_host	cup8bench.N16.h2d_ms	ms	3	0.012	0.012	0.013
ladder_host	cup8bench.N16.med_ms	ms	3	0.004	0.004	0.005
ladder_host	cup8bench.N16.min_ms	ms	3	0.004	0.004	0.005
ladder_host	cup8bench.N16.p90_ms	ms	3	0.005	0.005	0.005
ladder_host	cup8bench.N16.submit_med_ms	ms	3	0.001	0.001	0.001
ladder_host	cup8bench.N16.sync_med_ms	ms	3	0.003	0.003	0.003
ladder_host	cup8bench.N2048.batch_gflops	GFLOPS	3	1914.17	1912.91	1917.14
ladder_host	cup8bench.N2048.batch_per_launch_ms	ms	3	8.975	8.961	8.981
ladder_host	cup8bench.N2048.d2h_med_ms	ms	3	1.204	1.196	1.219
ladder_host	cup8bench.N2048.first_ms	ms	3	8.775	8.754	10.099
ladder_host	cup8bench.N2048.gflops	GFLOPS	3	1953.08	1701.5	1953.56
ladder_host	cup8bench.N2048.h2d_ms	ms	3	2.695	2.687	2.714
ladder_host	cup8bench.N2048.med_ms	ms	3	8.796	8.794	10.097
ladder_host	cup8bench.N2048.min_ms	ms	3	8.769	8.746	8.771
ladder_host	cup8bench.N2048.p90_ms	ms	3	8.801	8.798	10.106
ladder_host	cup8bench.N2048.submit_med_ms	ms	3	0.001	0.001	0.001
ladder_host	cup8bench.N2048.sync_med_ms	ms	3	8.795	8.793	10.096
ladder_host	cup8bench.ctx_ms	ms	3	71.54	69.77	72.1
ladder_host	cup8bench.init_ms	ms	3	39.98	39.95	42.76
ladder_host	cup8bench.module_ms	ms	3	0.06	0.06	0.06
ladder_host	derived.N16.batch_launch_us	us	3	1.71	1.7	1.93
ladder_host	derived.N2048.batch_launch_us	us	3	8975.11	8961.21	8981.02
ladder_host	derived.N2048.d2h_GBps	GB/s	3	13.9346	13.7631	14.0278
ladder_host	derived.N2048.h2d_GBps	GB/s	3	12.4506	12.3635	12.4877
ladder_host	derived.launch_rate_per_s.batched_precise	launches/s	3	584795	518135	588235
ladder_host	pass.cup2	bool	3	1	1	1
ladder_host	pass.cup3	bool	3	1	1	1
ladder_host	pass.cup8	bool	3	1	1	1
ladder_host	pass.cup8bench	bool	3	1	1	1
ladder_host	wall_ms.cup2	ms	3	207	207	207
ladder_host	wall_ms.cup3	ms	3	206	206	207
ladder_host	wall_ms.cup8	ms	3	307	307	307
ladder_host	wall_ms.cup8bench	ms	3	1408	1407	1508
