# tag	item	value    (measured by tools/drivermatrix/drmnv.py: gcc over each tag's OWN nvidia-drm/NVKMS headers; read by kf_abi::drmnv)
535.309.01	status	UNMEASURED compile: <probe>/probe.c:11:70: error: 'struct drm_nvidia_get_dev_info_params' has no member named 'mig_device' | <probe>/probe.c:12:119: error: 'struct drm_nvidia_get_dev_info_params' has no member named 'mig_device'
545.23.08	status	UNMEASURED compile: <probe>/probe.c:11:70: error: 'struct drm_nvidia_get_dev_info_params' has no member named 'mig_device' | <probe>/probe.c:12:119: error: 'struct drm_nvidia_get_dev_info_params' has no member named 'mig_device'
550.40.07	status	UNMEASURED compile: <probe>/probe.c:11:70: error: 'struct drm_nvidia_get_dev_info_params' has no member named 'mig_device' | <probe>/probe.c:12:119: error: 'struct drm_nvidia_get_dev_info_params' has no member named 'mig_device'
550.54.14	status	UNMEASURED compile: <probe>/probe.c:11:70: error: 'struct drm_nvidia_get_dev_info_params' has no member named 'mig_device' | <probe>/probe.c:12:119: error: 'struct drm_nvidia_get_dev_info_params' has no member named 'mig_device'
550.90.07	status	UNMEASURED compile: <probe>/probe.c:11:70: error: 'struct drm_nvidia_get_dev_info_params' has no member named 'mig_device' | <probe>/probe.c:12:119: error: 'struct drm_nvidia_get_dev_info_params' has no member named 'mig_device'
555.42.02	status	UNMEASURED compile: <probe>/probe.c:11:70: error: 'struct drm_nvidia_get_dev_info_params' has no member named 'mig_device' | <probe>/probe.c:12:119: error: 'struct drm_nvidia_get_dev_info_params' has no member named 'mig_device'
560.28.03	status	UNMEASURED compile: <probe>/probe.c:11:70: error: 'struct drm_nvidia_get_dev_info_params' has no member named 'mig_device' | <probe>/probe.c:12:119: error: 'struct drm_nvidia_get_dev_info_params' has no member named 'mig_device'
565.57.01	status	UNMEASURED compile: <probe>/probe.c:11:70: error: 'struct drm_nvidia_get_dev_info_params' has no member named 'mig_device' | <probe>/probe.c:12:119: error: 'struct drm_nvidia_get_dev_info_params' has no member named 'mig_device'
570.86.15	status	UNMEASURED compile: <probe>/probe.c:11:70: error: 'struct drm_nvidia_get_dev_info_params' has no member named 'mig_device' | <probe>/probe.c:12:119: error: 'struct drm_nvidia_get_dev_info_params' has no member named 'mig_device'
570.124.06	status	UNMEASURED compile: <probe>/probe.c:11:70: error: 'struct drm_nvidia_get_dev_info_params' has no member named 'mig_device' | <probe>/probe.c:12:119: error: 'struct drm_nvidia_get_dev_info_params' has no member named 'mig_device'
570.148.08	status	UNMEASURED compile: <probe>/probe.c:11:70: error: 'struct drm_nvidia_get_dev_info_params' has no member named 'mig_device' | <probe>/probe.c:12:119: error: 'struct drm_nvidia_get_dev_info_params' has no member named 'mig_device'
575.51.02	status	MEASURED
575.51.02	header	kernel-open/nvidia-drm/nvidia-drm-ioctl.h src/nvidia-modeset/kapi/interface/nvkms-kapi-private.h
575.51.02	sizeof:drm_nvidia_get_dev_info_params	36
575.51.02	offsetof:drm_nvidia_get_dev_info_params.gpu_id	0
575.51.02	sizeof:drm_nvidia_get_dev_info_params.gpu_id	4
575.51.02	offsetof:drm_nvidia_get_dev_info_params.mig_device	4
575.51.02	sizeof:drm_nvidia_get_dev_info_params.mig_device	4
575.51.02	offsetof:drm_nvidia_get_dev_info_params.primary_index	8
575.51.02	sizeof:drm_nvidia_get_dev_info_params.primary_index	4
575.51.02	offsetof:drm_nvidia_get_dev_info_params.supports_alloc	12
575.51.02	sizeof:drm_nvidia_get_dev_info_params.supports_alloc	4
575.51.02	offsetof:drm_nvidia_get_dev_info_params.generic_page_kind	16
575.51.02	sizeof:drm_nvidia_get_dev_info_params.generic_page_kind	4
575.51.02	offsetof:drm_nvidia_get_dev_info_params.page_kind_generation	20
575.51.02	sizeof:drm_nvidia_get_dev_info_params.page_kind_generation	4
575.51.02	offsetof:drm_nvidia_get_dev_info_params.sector_layout	24
575.51.02	sizeof:drm_nvidia_get_dev_info_params.sector_layout	4
575.51.02	offsetof:drm_nvidia_get_dev_info_params.supports_sync_fd	28
575.51.02	sizeof:drm_nvidia_get_dev_info_params.supports_sync_fd	4
575.51.02	offsetof:drm_nvidia_get_dev_info_params.supports_semsurf	32
575.51.02	sizeof:drm_nvidia_get_dev_info_params.supports_semsurf	4
575.51.02	sizeof:drm_nvidia_gem_import_nvkms_memory_params	32
575.51.02	offsetof:drm_nvidia_gem_import_nvkms_memory_params.mem_size	0
575.51.02	sizeof:drm_nvidia_gem_import_nvkms_memory_params.mem_size	8
575.51.02	offsetof:drm_nvidia_gem_import_nvkms_memory_params.nvkms_params_ptr	8
575.51.02	sizeof:drm_nvidia_gem_import_nvkms_memory_params.nvkms_params_ptr	8
575.51.02	offsetof:drm_nvidia_gem_import_nvkms_memory_params.nvkms_params_size	16
575.51.02	sizeof:drm_nvidia_gem_import_nvkms_memory_params.nvkms_params_size	8
575.51.02	offsetof:drm_nvidia_gem_import_nvkms_memory_params.handle	24
575.51.02	sizeof:drm_nvidia_gem_import_nvkms_memory_params.handle	4
575.51.02	sizeof:NvKmsKapiPrivImportMemoryParams	28
575.51.02	offsetof:NvKmsKapiPrivImportMemoryParams.memFd	0
575.51.02	sizeof:NvKmsKapiPrivImportMemoryParams.memFd	4
575.51.02	offsetof:NvKmsKapiPrivImportMemoryParams.surfaceParams.layout	4
575.51.02	sizeof:NvKmsKapiPrivImportMemoryParams.surfaceParams.layout	4
575.51.02	offsetof:NvKmsKapiPrivImportMemoryParams.surfaceParams.blockLinear.log2GobsPerBlock.x	8
575.51.02	sizeof:NvKmsKapiPrivImportMemoryParams.surfaceParams.blockLinear.log2GobsPerBlock.x	4
575.51.02	offsetof:NvKmsKapiPrivImportMemoryParams.surfaceParams.blockLinear.log2GobsPerBlock.y	12
575.51.02	sizeof:NvKmsKapiPrivImportMemoryParams.surfaceParams.blockLinear.log2GobsPerBlock.y	4
575.51.02	offsetof:NvKmsKapiPrivImportMemoryParams.surfaceParams.blockLinear.log2GobsPerBlock.z	16
575.51.02	sizeof:NvKmsKapiPrivImportMemoryParams.surfaceParams.blockLinear.log2GobsPerBlock.z	4
575.51.02	offsetof:NvKmsKapiPrivImportMemoryParams.surfaceParams.blockLinear.pitchInBlocks	20
575.51.02	sizeof:NvKmsKapiPrivImportMemoryParams.surfaceParams.blockLinear.pitchInBlocks	4
575.51.02	offsetof:NvKmsKapiPrivImportMemoryParams.surfaceParams.blockLinear.genericMemory	24
575.51.02	sizeof:NvKmsKapiPrivImportMemoryParams.surfaceParams.blockLinear.genericMemory	1
575.51.02	ioctl:DRM_IOCTL_NVIDIA_GET_DEV_INFO	0xc0246443
575.51.02	ioctl:DRM_IOCTL_NVIDIA_GEM_IMPORT_NVKMS_MEMORY	0xc0206441
575.51.02	enum:NvKmsSurfaceMemoryLayoutBlockLinear	0
575.51.02	enum:NvKmsSurfaceMemoryLayoutPitch	1
575.51.03	status	MEASURED
575.51.03	header	kernel-open/nvidia-drm/nvidia-drm-ioctl.h src/nvidia-modeset/kapi/interface/nvkms-kapi-private.h
575.51.03	sizeof:drm_nvidia_get_dev_info_params	36
575.51.03	offsetof:drm_nvidia_get_dev_info_params.gpu_id	0
575.51.03	sizeof:drm_nvidia_get_dev_info_params.gpu_id	4
575.51.03	offsetof:drm_nvidia_get_dev_info_params.mig_device	4
575.51.03	sizeof:drm_nvidia_get_dev_info_params.mig_device	4
575.51.03	offsetof:drm_nvidia_get_dev_info_params.primary_index	8
575.51.03	sizeof:drm_nvidia_get_dev_info_params.primary_index	4
575.51.03	offsetof:drm_nvidia_get_dev_info_params.supports_alloc	12
575.51.03	sizeof:drm_nvidia_get_dev_info_params.supports_alloc	4
575.51.03	offsetof:drm_nvidia_get_dev_info_params.generic_page_kind	16
575.51.03	sizeof:drm_nvidia_get_dev_info_params.generic_page_kind	4
575.51.03	offsetof:drm_nvidia_get_dev_info_params.page_kind_generation	20
575.51.03	sizeof:drm_nvidia_get_dev_info_params.page_kind_generation	4
575.51.03	offsetof:drm_nvidia_get_dev_info_params.sector_layout	24
575.51.03	sizeof:drm_nvidia_get_dev_info_params.sector_layout	4
575.51.03	offsetof:drm_nvidia_get_dev_info_params.supports_sync_fd	28
575.51.03	sizeof:drm_nvidia_get_dev_info_params.supports_sync_fd	4
575.51.03	offsetof:drm_nvidia_get_dev_info_params.supports_semsurf	32
575.51.03	sizeof:drm_nvidia_get_dev_info_params.supports_semsurf	4
575.51.03	sizeof:drm_nvidia_gem_import_nvkms_memory_params	32
575.51.03	offsetof:drm_nvidia_gem_import_nvkms_memory_params.mem_size	0
575.51.03	sizeof:drm_nvidia_gem_import_nvkms_memory_params.mem_size	8
575.51.03	offsetof:drm_nvidia_gem_import_nvkms_memory_params.nvkms_params_ptr	8
575.51.03	sizeof:drm_nvidia_gem_import_nvkms_memory_params.nvkms_params_ptr	8
575.51.03	offsetof:drm_nvidia_gem_import_nvkms_memory_params.nvkms_params_size	16
575.51.03	sizeof:drm_nvidia_gem_import_nvkms_memory_params.nvkms_params_size	8
575.51.03	offsetof:drm_nvidia_gem_import_nvkms_memory_params.handle	24
575.51.03	sizeof:drm_nvidia_gem_import_nvkms_memory_params.handle	4
575.51.03	sizeof:NvKmsKapiPrivImportMemoryParams	28
575.51.03	offsetof:NvKmsKapiPrivImportMemoryParams.memFd	0
575.51.03	sizeof:NvKmsKapiPrivImportMemoryParams.memFd	4
575.51.03	offsetof:NvKmsKapiPrivImportMemoryParams.surfaceParams.layout	4
575.51.03	sizeof:NvKmsKapiPrivImportMemoryParams.surfaceParams.layout	4
575.51.03	offsetof:NvKmsKapiPrivImportMemoryParams.surfaceParams.blockLinear.log2GobsPerBlock.x	8
575.51.03	sizeof:NvKmsKapiPrivImportMemoryParams.surfaceParams.blockLinear.log2GobsPerBlock.x	4
575.51.03	offsetof:NvKmsKapiPrivImportMemoryParams.surfaceParams.blockLinear.log2GobsPerBlock.y	12
575.51.03	sizeof:NvKmsKapiPrivImportMemoryParams.surfaceParams.blockLinear.log2GobsPerBlock.y	4
575.51.03	offsetof:NvKmsKapiPrivImportMemoryParams.surfaceParams.blockLinear.log2GobsPerBlock.z	16
575.51.03	sizeof:NvKmsKapiPrivImportMemoryParams.surfaceParams.blockLinear.log2GobsPerBlock.z	4
575.51.03	offsetof:NvKmsKapiPrivImportMemoryParams.surfaceParams.blockLinear.pitchInBlocks	20
575.51.03	sizeof:NvKmsKapiPrivImportMemoryParams.surfaceParams.blockLinear.pitchInBlocks	4
575.51.03	offsetof:NvKmsKapiPrivImportMemoryParams.surfaceParams.blockLinear.genericMemory	24
575.51.03	sizeof:NvKmsKapiPrivImportMemoryParams.surfaceParams.blockLinear.genericMemory	1
575.51.03	ioctl:DRM_IOCTL_NVIDIA_GET_DEV_INFO	0xc0246443
575.51.03	ioctl:DRM_IOCTL_NVIDIA_GEM_IMPORT_NVKMS_MEMORY	0xc0206441
575.51.03	enum:NvKmsSurfaceMemoryLayoutBlockLinear	0
575.51.03	enum:NvKmsSurfaceMemoryLayoutPitch	1
575.57.08	status	MEASURED
575.57.08	header	kernel-open/nvidia-drm/nvidia-drm-ioctl.h src/nvidia-modeset/kapi/interface/nvkms-kapi-private.h
575.57.08	sizeof:drm_nvidia_get_dev_info_params	36
575.57.08	offsetof:drm_nvidia_get_dev_info_params.gpu_id	0
575.57.08	sizeof:drm_nvidia_get_dev_info_params.gpu_id	4
575.57.08	offsetof:drm_nvidia_get_dev_info_params.mig_device	4
575.57.08	sizeof:drm_nvidia_get_dev_info_params.mig_device	4
575.57.08	offsetof:drm_nvidia_get_dev_info_params.primary_index	8
575.57.08	sizeof:drm_nvidia_get_dev_info_params.primary_index	4
575.57.08	offsetof:drm_nvidia_get_dev_info_params.supports_alloc	12
575.57.08	sizeof:drm_nvidia_get_dev_info_params.supports_alloc	4
575.57.08	offsetof:drm_nvidia_get_dev_info_params.generic_page_kind	16
575.57.08	sizeof:drm_nvidia_get_dev_info_params.generic_page_kind	4
575.57.08	offsetof:drm_nvidia_get_dev_info_params.page_kind_generation	20
575.57.08	sizeof:drm_nvidia_get_dev_info_params.page_kind_generation	4
575.57.08	offsetof:drm_nvidia_get_dev_info_params.sector_layout	24
575.57.08	sizeof:drm_nvidia_get_dev_info_params.sector_layout	4
575.57.08	offsetof:drm_nvidia_get_dev_info_params.supports_sync_fd	28
575.57.08	sizeof:drm_nvidia_get_dev_info_params.supports_sync_fd	4
575.57.08	offsetof:drm_nvidia_get_dev_info_params.supports_semsurf	32
575.57.08	sizeof:drm_nvidia_get_dev_info_params.supports_semsurf	4
575.57.08	sizeof:drm_nvidia_gem_import_nvkms_memory_params	32
575.57.08	offsetof:drm_nvidia_gem_import_nvkms_memory_params.mem_size	0
575.57.08	sizeof:drm_nvidia_gem_import_nvkms_memory_params.mem_size	8
575.57.08	offsetof:drm_nvidia_gem_import_nvkms_memory_params.nvkms_params_ptr	8
575.57.08	sizeof:drm_nvidia_gem_import_nvkms_memory_params.nvkms_params_ptr	8
575.57.08	offsetof:drm_nvidia_gem_import_nvkms_memory_params.nvkms_params_size	16
575.57.08	sizeof:drm_nvidia_gem_import_nvkms_memory_params.nvkms_params_size	8
575.57.08	offsetof:drm_nvidia_gem_import_nvkms_memory_params.handle	24
575.57.08	sizeof:drm_nvidia_gem_import_nvkms_memory_params.handle	4
575.57.08	sizeof:NvKmsKapiPrivImportMemoryParams	28
575.57.08	offsetof:NvKmsKapiPrivImportMemoryParams.memFd	0
575.57.08	sizeof:NvKmsKapiPrivImportMemoryParams.memFd	4
575.57.08	offsetof:NvKmsKapiPrivImportMemoryParams.surfaceParams.layout	4
575.57.08	sizeof:NvKmsKapiPrivImportMemoryParams.surfaceParams.layout	4
575.57.08	offsetof:NvKmsKapiPrivImportMemoryParams.surfaceParams.blockLinear.log2GobsPerBlock.x	8
575.57.08	sizeof:NvKmsKapiPrivImportMemoryParams.surfaceParams.blockLinear.log2GobsPerBlock.x	4
575.57.08	offsetof:NvKmsKapiPrivImportMemoryParams.surfaceParams.blockLinear.log2GobsPerBlock.y	12
575.57.08	sizeof:NvKmsKapiPrivImportMemoryParams.surfaceParams.blockLinear.log2GobsPerBlock.y	4
575.57.08	offsetof:NvKmsKapiPrivImportMemoryParams.surfaceParams.blockLinear.log2GobsPerBlock.z	16
575.57.08	sizeof:NvKmsKapiPrivImportMemoryParams.surfaceParams.blockLinear.log2GobsPerBlock.z	4
575.57.08	offsetof:NvKmsKapiPrivImportMemoryParams.surfaceParams.blockLinear.pitchInBlocks	20
575.57.08	sizeof:NvKmsKapiPrivImportMemoryParams.surfaceParams.blockLinear.pitchInBlocks	4
575.57.08	offsetof:NvKmsKapiPrivImportMemoryParams.surfaceParams.blockLinear.genericMemory	24
575.57.08	sizeof:NvKmsKapiPrivImportMemoryParams.surfaceParams.blockLinear.genericMemory	1
575.57.08	ioctl:DRM_IOCTL_NVIDIA_GET_DEV_INFO	0xc0246443
575.57.08	ioctl:DRM_IOCTL_NVIDIA_GEM_IMPORT_NVKMS_MEMORY	0xc0206441
575.57.08	enum:NvKmsSurfaceMemoryLayoutBlockLinear	0
575.57.08	enum:NvKmsSurfaceMemoryLayoutPitch	1
575.64.05	status	MEASURED
575.64.05	header	kernel-open/nvidia-drm/nvidia-drm-ioctl.h src/nvidia-modeset/kapi/interface/nvkms-kapi-private.h
575.64.05	sizeof:drm_nvidia_get_dev_info_params	36
575.64.05	offsetof:drm_nvidia_get_dev_info_params.gpu_id	0
575.64.05	sizeof:drm_nvidia_get_dev_info_params.gpu_id	4
575.64.05	offsetof:drm_nvidia_get_dev_info_params.mig_device	4
575.64.05	sizeof:drm_nvidia_get_dev_info_params.mig_device	4
575.64.05	offsetof:drm_nvidia_get_dev_info_params.primary_index	8
575.64.05	sizeof:drm_nvidia_get_dev_info_params.primary_index	4
575.64.05	offsetof:drm_nvidia_get_dev_info_params.supports_alloc	12
575.64.05	sizeof:drm_nvidia_get_dev_info_params.supports_alloc	4
575.64.05	offsetof:drm_nvidia_get_dev_info_params.generic_page_kind	16
575.64.05	sizeof:drm_nvidia_get_dev_info_params.generic_page_kind	4
575.64.05	offsetof:drm_nvidia_get_dev_info_params.page_kind_generation	20
575.64.05	sizeof:drm_nvidia_get_dev_info_params.page_kind_generation	4
575.64.05	offsetof:drm_nvidia_get_dev_info_params.sector_layout	24
575.64.05	sizeof:drm_nvidia_get_dev_info_params.sector_layout	4
575.64.05	offsetof:drm_nvidia_get_dev_info_params.supports_sync_fd	28
575.64.05	sizeof:drm_nvidia_get_dev_info_params.supports_sync_fd	4
575.64.05	offsetof:drm_nvidia_get_dev_info_params.supports_semsurf	32
575.64.05	sizeof:drm_nvidia_get_dev_info_params.supports_semsurf	4
575.64.05	sizeof:drm_nvidia_gem_import_nvkms_memory_params	32
575.64.05	offsetof:drm_nvidia_gem_import_nvkms_memory_params.mem_size	0
575.64.05	sizeof:drm_nvidia_gem_import_nvkms_memory_params.mem_size	8
575.64.05	offsetof:drm_nvidia_gem_import_nvkms_memory_params.nvkms_params_ptr	8
575.64.05	sizeof:drm_nvidia_gem_import_nvkms_memory_params.nvkms_params_ptr	8
575.64.05	offsetof:drm_nvidia_gem_import_nvkms_memory_params.nvkms_params_size	16
575.64.05	sizeof:drm_nvidia_gem_import_nvkms_memory_params.nvkms_params_size	8
575.64.05	offsetof:drm_nvidia_gem_import_nvkms_memory_params.handle	24
575.64.05	sizeof:drm_nvidia_gem_import_nvkms_memory_params.handle	4
575.64.05	sizeof:NvKmsKapiPrivImportMemoryParams	28
575.64.05	offsetof:NvKmsKapiPrivImportMemoryParams.memFd	0
575.64.05	sizeof:NvKmsKapiPrivImportMemoryParams.memFd	4
575.64.05	offsetof:NvKmsKapiPrivImportMemoryParams.surfaceParams.layout	4
575.64.05	sizeof:NvKmsKapiPrivImportMemoryParams.surfaceParams.layout	4
575.64.05	offsetof:NvKmsKapiPrivImportMemoryParams.surfaceParams.blockLinear.log2GobsPerBlock.x	8
575.64.05	sizeof:NvKmsKapiPrivImportMemoryParams.surfaceParams.blockLinear.log2GobsPerBlock.x	4
575.64.05	offsetof:NvKmsKapiPrivImportMemoryParams.surfaceParams.blockLinear.log2GobsPerBlock.y	12
575.64.05	sizeof:NvKmsKapiPrivImportMemoryParams.surfaceParams.blockLinear.log2GobsPerBlock.y	4
575.64.05	offsetof:NvKmsKapiPrivImportMemoryParams.surfaceParams.blockLinear.log2GobsPerBlock.z	16
575.64.05	sizeof:NvKmsKapiPrivImportMemoryParams.surfaceParams.blockLinear.log2GobsPerBlock.z	4
575.64.05	offsetof:NvKmsKapiPrivImportMemoryParams.surfaceParams.blockLinear.pitchInBlocks	20
575.64.05	sizeof:NvKmsKapiPrivImportMemoryParams.surfaceParams.blockLinear.pitchInBlocks	4
575.64.05	offsetof:NvKmsKapiPrivImportMemoryParams.surfaceParams.blockLinear.genericMemory	24
575.64.05	sizeof:NvKmsKapiPrivImportMemoryParams.surfaceParams.blockLinear.genericMemory	1
575.64.05	ioctl:DRM_IOCTL_NVIDIA_GET_DEV_INFO	0xc0246443
575.64.05	ioctl:DRM_IOCTL_NVIDIA_GEM_IMPORT_NVKMS_MEMORY	0xc0206441
575.64.05	enum:NvKmsSurfaceMemoryLayoutBlockLinear	0
575.64.05	enum:NvKmsSurfaceMemoryLayoutPitch	1
580.65.06	status	MEASURED
580.65.06	header	kernel-open/nvidia-drm/nvidia-drm-ioctl.h src/nvidia-modeset/kapi/interface/nvkms-kapi-private.h
580.65.06	sizeof:drm_nvidia_get_dev_info_params	36
580.65.06	offsetof:drm_nvidia_get_dev_info_params.gpu_id	0
580.65.06	sizeof:drm_nvidia_get_dev_info_params.gpu_id	4
580.65.06	offsetof:drm_nvidia_get_dev_info_params.mig_device	4
580.65.06	sizeof:drm_nvidia_get_dev_info_params.mig_device	4
580.65.06	offsetof:drm_nvidia_get_dev_info_params.primary_index	8
580.65.06	sizeof:drm_nvidia_get_dev_info_params.primary_index	4
580.65.06	offsetof:drm_nvidia_get_dev_info_params.supports_alloc	12
580.65.06	sizeof:drm_nvidia_get_dev_info_params.supports_alloc	4
580.65.06	offsetof:drm_nvidia_get_dev_info_params.generic_page_kind	16
580.65.06	sizeof:drm_nvidia_get_dev_info_params.generic_page_kind	4
580.65.06	offsetof:drm_nvidia_get_dev_info_params.page_kind_generation	20
580.65.06	sizeof:drm_nvidia_get_dev_info_params.page_kind_generation	4
580.65.06	offsetof:drm_nvidia_get_dev_info_params.sector_layout	24
580.65.06	sizeof:drm_nvidia_get_dev_info_params.sector_layout	4
580.65.06	offsetof:drm_nvidia_get_dev_info_params.supports_sync_fd	28
580.65.06	sizeof:drm_nvidia_get_dev_info_params.supports_sync_fd	4
580.65.06	offsetof:drm_nvidia_get_dev_info_params.supports_semsurf	32
580.65.06	sizeof:drm_nvidia_get_dev_info_params.supports_semsurf	4
580.65.06	sizeof:drm_nvidia_gem_import_nvkms_memory_params	32
580.65.06	offsetof:drm_nvidia_gem_import_nvkms_memory_params.mem_size	0
580.65.06	sizeof:drm_nvidia_gem_import_nvkms_memory_params.mem_size	8
580.65.06	offsetof:drm_nvidia_gem_import_nvkms_memory_params.nvkms_params_ptr	8
580.65.06	sizeof:drm_nvidia_gem_import_nvkms_memory_params.nvkms_params_ptr	8
580.65.06	offsetof:drm_nvidia_gem_import_nvkms_memory_params.nvkms_params_size	16
580.65.06	sizeof:drm_nvidia_gem_import_nvkms_memory_params.nvkms_params_size	8
580.65.06	offsetof:drm_nvidia_gem_import_nvkms_memory_params.handle	24
580.65.06	sizeof:drm_nvidia_gem_import_nvkms_memory_params.handle	4
580.65.06	sizeof:NvKmsKapiPrivImportMemoryParams	28
580.65.06	offsetof:NvKmsKapiPrivImportMemoryParams.memFd	0
580.65.06	sizeof:NvKmsKapiPrivImportMemoryParams.memFd	4
580.65.06	offsetof:NvKmsKapiPrivImportMemoryParams.surfaceParams.layout	4
580.65.06	sizeof:NvKmsKapiPrivImportMemoryParams.surfaceParams.layout	4
580.65.06	offsetof:NvKmsKapiPrivImportMemoryParams.surfaceParams.blockLinear.log2GobsPerBlock.x	8
580.65.06	sizeof:NvKmsKapiPrivImportMemoryParams.surfaceParams.blockLinear.log2GobsPerBlock.x	4
580.65.06	offsetof:NvKmsKapiPrivImportMemoryParams.surfaceParams.blockLinear.log2GobsPerBlock.y	12
580.65.06	sizeof:NvKmsKapiPrivImportMemoryParams.surfaceParams.blockLinear.log2GobsPerBlock.y	4
580.65.06	offsetof:NvKmsKapiPrivImportMemoryParams.surfaceParams.blockLinear.log2GobsPerBlock.z	16
580.65.06	sizeof:NvKmsKapiPrivImportMemoryParams.surfaceParams.blockLinear.log2GobsPerBlock.z	4
580.65.06	offsetof:NvKmsKapiPrivImportMemoryParams.surfaceParams.blockLinear.pitchInBlocks	20
580.65.06	sizeof:NvKmsKapiPrivImportMemoryParams.surfaceParams.blockLinear.pitchInBlocks	4
580.65.06	offsetof:NvKmsKapiPrivImportMemoryParams.surfaceParams.blockLinear.genericMemory	24
580.65.06	sizeof:NvKmsKapiPrivImportMemoryParams.surfaceParams.blockLinear.genericMemory	1
580.65.06	ioctl:DRM_IOCTL_NVIDIA_GET_DEV_INFO	0xc0246443
580.65.06	ioctl:DRM_IOCTL_NVIDIA_GEM_IMPORT_NVKMS_MEMORY	0xc0206441
580.65.06	enum:NvKmsSurfaceMemoryLayoutBlockLinear	0
580.65.06	enum:NvKmsSurfaceMemoryLayoutPitch	1
580.82.07	status	MEASURED
580.82.07	header	kernel-open/nvidia-drm/nvidia-drm-ioctl.h src/nvidia-modeset/kapi/interface/nvkms-kapi-private.h
580.82.07	sizeof:drm_nvidia_get_dev_info_params	36
580.82.07	offsetof:drm_nvidia_get_dev_info_params.gpu_id	0
580.82.07	sizeof:drm_nvidia_get_dev_info_params.gpu_id	4
580.82.07	offsetof:drm_nvidia_get_dev_info_params.mig_device	4
580.82.07	sizeof:drm_nvidia_get_dev_info_params.mig_device	4
580.82.07	offsetof:drm_nvidia_get_dev_info_params.primary_index	8
580.82.07	sizeof:drm_nvidia_get_dev_info_params.primary_index	4
580.82.07	offsetof:drm_nvidia_get_dev_info_params.supports_alloc	12
580.82.07	sizeof:drm_nvidia_get_dev_info_params.supports_alloc	4
580.82.07	offsetof:drm_nvidia_get_dev_info_params.generic_page_kind	16
580.82.07	sizeof:drm_nvidia_get_dev_info_params.generic_page_kind	4
580.82.07	offsetof:drm_nvidia_get_dev_info_params.page_kind_generation	20
580.82.07	sizeof:drm_nvidia_get_dev_info_params.page_kind_generation	4
580.82.07	offsetof:drm_nvidia_get_dev_info_params.sector_layout	24
580.82.07	sizeof:drm_nvidia_get_dev_info_params.sector_layout	4
580.82.07	offsetof:drm_nvidia_get_dev_info_params.supports_sync_fd	28
580.82.07	sizeof:drm_nvidia_get_dev_info_params.supports_sync_fd	4
580.82.07	offsetof:drm_nvidia_get_dev_info_params.supports_semsurf	32
580.82.07	sizeof:drm_nvidia_get_dev_info_params.supports_semsurf	4
580.82.07	sizeof:drm_nvidia_gem_import_nvkms_memory_params	32
580.82.07	offsetof:drm_nvidia_gem_import_nvkms_memory_params.mem_size	0
580.82.07	sizeof:drm_nvidia_gem_import_nvkms_memory_params.mem_size	8
580.82.07	offsetof:drm_nvidia_gem_import_nvkms_memory_params.nvkms_params_ptr	8
580.82.07	sizeof:drm_nvidia_gem_import_nvkms_memory_params.nvkms_params_ptr	8
580.82.07	offsetof:drm_nvidia_gem_import_nvkms_memory_params.nvkms_params_size	16
580.82.07	sizeof:drm_nvidia_gem_import_nvkms_memory_params.nvkms_params_size	8
580.82.07	offsetof:drm_nvidia_gem_import_nvkms_memory_params.handle	24
580.82.07	sizeof:drm_nvidia_gem_import_nvkms_memory_params.handle	4
580.82.07	sizeof:NvKmsKapiPrivImportMemoryParams	28
580.82.07	offsetof:NvKmsKapiPrivImportMemoryParams.memFd	0
580.82.07	sizeof:NvKmsKapiPrivImportMemoryParams.memFd	4
580.82.07	offsetof:NvKmsKapiPrivImportMemoryParams.surfaceParams.layout	4
580.82.07	sizeof:NvKmsKapiPrivImportMemoryParams.surfaceParams.layout	4
580.82.07	offsetof:NvKmsKapiPrivImportMemoryParams.surfaceParams.blockLinear.log2GobsPerBlock.x	8
580.82.07	sizeof:NvKmsKapiPrivImportMemoryParams.surfaceParams.blockLinear.log2GobsPerBlock.x	4
580.82.07	offsetof:NvKmsKapiPrivImportMemoryParams.surfaceParams.blockLinear.log2GobsPerBlock.y	12
580.82.07	sizeof:NvKmsKapiPrivImportMemoryParams.surfaceParams.blockLinear.log2GobsPerBlock.y	4
580.82.07	offsetof:NvKmsKapiPrivImportMemoryParams.surfaceParams.blockLinear.log2GobsPerBlock.z	16
580.82.07	sizeof:NvKmsKapiPrivImportMemoryParams.surfaceParams.blockLinear.log2GobsPerBlock.z	4
580.82.07	offsetof:NvKmsKapiPrivImportMemoryParams.surfaceParams.blockLinear.pitchInBlocks	20
580.82.07	sizeof:NvKmsKapiPrivImportMemoryParams.surfaceParams.blockLinear.pitchInBlocks	4
580.82.07	offsetof:NvKmsKapiPrivImportMemoryParams.surfaceParams.blockLinear.genericMemory	24
580.82.07	sizeof:NvKmsKapiPrivImportMemoryParams.surfaceParams.blockLinear.genericMemory	1
580.82.07	ioctl:DRM_IOCTL_NVIDIA_GET_DEV_INFO	0xc0246443
580.82.07	ioctl:DRM_IOCTL_NVIDIA_GEM_IMPORT_NVKMS_MEMORY	0xc0206441
580.82.07	enum:NvKmsSurfaceMemoryLayoutBlockLinear	0
580.82.07	enum:NvKmsSurfaceMemoryLayoutPitch	1
580.94.02	status	MEASURED
580.94.02	header	kernel-open/nvidia-drm/nvidia-drm-ioctl.h src/nvidia-modeset/kapi/interface/nvkms-kapi-private.h
580.94.02	sizeof:drm_nvidia_get_dev_info_params	36
580.94.02	offsetof:drm_nvidia_get_dev_info_params.gpu_id	0
580.94.02	sizeof:drm_nvidia_get_dev_info_params.gpu_id	4
580.94.02	offsetof:drm_nvidia_get_dev_info_params.mig_device	4
580.94.02	sizeof:drm_nvidia_get_dev_info_params.mig_device	4
580.94.02	offsetof:drm_nvidia_get_dev_info_params.primary_index	8
580.94.02	sizeof:drm_nvidia_get_dev_info_params.primary_index	4
580.94.02	offsetof:drm_nvidia_get_dev_info_params.supports_alloc	12
580.94.02	sizeof:drm_nvidia_get_dev_info_params.supports_alloc	4
580.94.02	offsetof:drm_nvidia_get_dev_info_params.generic_page_kind	16
580.94.02	sizeof:drm_nvidia_get_dev_info_params.generic_page_kind	4
580.94.02	offsetof:drm_nvidia_get_dev_info_params.page_kind_generation	20
580.94.02	sizeof:drm_nvidia_get_dev_info_params.page_kind_generation	4
580.94.02	offsetof:drm_nvidia_get_dev_info_params.sector_layout	24
580.94.02	sizeof:drm_nvidia_get_dev_info_params.sector_layout	4
580.94.02	offsetof:drm_nvidia_get_dev_info_params.supports_sync_fd	28
580.94.02	sizeof:drm_nvidia_get_dev_info_params.supports_sync_fd	4
580.94.02	offsetof:drm_nvidia_get_dev_info_params.supports_semsurf	32
580.94.02	sizeof:drm_nvidia_get_dev_info_params.supports_semsurf	4
580.94.02	sizeof:drm_nvidia_gem_import_nvkms_memory_params	32
580.94.02	offsetof:drm_nvidia_gem_import_nvkms_memory_params.mem_size	0
580.94.02	sizeof:drm_nvidia_gem_import_nvkms_memory_params.mem_size	8
580.94.02	offsetof:drm_nvidia_gem_import_nvkms_memory_params.nvkms_params_ptr	8
580.94.02	sizeof:drm_nvidia_gem_import_nvkms_memory_params.nvkms_params_ptr	8
580.94.02	offsetof:drm_nvidia_gem_import_nvkms_memory_params.nvkms_params_size	16
580.94.02	sizeof:drm_nvidia_gem_import_nvkms_memory_params.nvkms_params_size	8
580.94.02	offsetof:drm_nvidia_gem_import_nvkms_memory_params.handle	24
580.94.02	sizeof:drm_nvidia_gem_import_nvkms_memory_params.handle	4
580.94.02	sizeof:NvKmsKapiPrivImportMemoryParams	28
580.94.02	offsetof:NvKmsKapiPrivImportMemoryParams.memFd	0
580.94.02	sizeof:NvKmsKapiPrivImportMemoryParams.memFd	4
580.94.02	offsetof:NvKmsKapiPrivImportMemoryParams.surfaceParams.layout	4
580.94.02	sizeof:NvKmsKapiPrivImportMemoryParams.surfaceParams.layout	4
580.94.02	offsetof:NvKmsKapiPrivImportMemoryParams.surfaceParams.blockLinear.log2GobsPerBlock.x	8
580.94.02	sizeof:NvKmsKapiPrivImportMemoryParams.surfaceParams.blockLinear.log2GobsPerBlock.x	4
580.94.02	offsetof:NvKmsKapiPrivImportMemoryParams.surfaceParams.blockLinear.log2GobsPerBlock.y	12
580.94.02	sizeof:NvKmsKapiPrivImportMemoryParams.surfaceParams.blockLinear.log2GobsPerBlock.y	4
580.94.02	offsetof:NvKmsKapiPrivImportMemoryParams.surfaceParams.blockLinear.log2GobsPerBlock.z	16
580.94.02	sizeof:NvKmsKapiPrivImportMemoryParams.surfaceParams.blockLinear.log2GobsPerBlock.z	4
580.94.02	offsetof:NvKmsKapiPrivImportMemoryParams.surfaceParams.blockLinear.pitchInBlocks	20
580.94.02	sizeof:NvKmsKapiPrivImportMemoryParams.surfaceParams.blockLinear.pitchInBlocks	4
580.94.02	offsetof:NvKmsKapiPrivImportMemoryParams.surfaceParams.blockLinear.genericMemory	24
580.94.02	sizeof:NvKmsKapiPrivImportMemoryParams.surfaceParams.blockLinear.genericMemory	1
580.94.02	ioctl:DRM_IOCTL_NVIDIA_GET_DEV_INFO	0xc0246443
580.94.02	ioctl:DRM_IOCTL_NVIDIA_GEM_IMPORT_NVKMS_MEMORY	0xc0206441
580.94.02	enum:NvKmsSurfaceMemoryLayoutBlockLinear	0
580.94.02	enum:NvKmsSurfaceMemoryLayoutPitch	1
580.95.05	status	MEASURED
580.95.05	header	kernel-open/nvidia-drm/nvidia-drm-ioctl.h src/nvidia-modeset/kapi/interface/nvkms-kapi-private.h
580.95.05	sizeof:drm_nvidia_get_dev_info_params	36
580.95.05	offsetof:drm_nvidia_get_dev_info_params.gpu_id	0
580.95.05	sizeof:drm_nvidia_get_dev_info_params.gpu_id	4
580.95.05	offsetof:drm_nvidia_get_dev_info_params.mig_device	4
580.95.05	sizeof:drm_nvidia_get_dev_info_params.mig_device	4
580.95.05	offsetof:drm_nvidia_get_dev_info_params.primary_index	8
580.95.05	sizeof:drm_nvidia_get_dev_info_params.primary_index	4
580.95.05	offsetof:drm_nvidia_get_dev_info_params.supports_alloc	12
580.95.05	sizeof:drm_nvidia_get_dev_info_params.supports_alloc	4
580.95.05	offsetof:drm_nvidia_get_dev_info_params.generic_page_kind	16
580.95.05	sizeof:drm_nvidia_get_dev_info_params.generic_page_kind	4
580.95.05	offsetof:drm_nvidia_get_dev_info_params.page_kind_generation	20
580.95.05	sizeof:drm_nvidia_get_dev_info_params.page_kind_generation	4
580.95.05	offsetof:drm_nvidia_get_dev_info_params.sector_layout	24
580.95.05	sizeof:drm_nvidia_get_dev_info_params.sector_layout	4
580.95.05	offsetof:drm_nvidia_get_dev_info_params.supports_sync_fd	28
580.95.05	sizeof:drm_nvidia_get_dev_info_params.supports_sync_fd	4
580.95.05	offsetof:drm_nvidia_get_dev_info_params.supports_semsurf	32
580.95.05	sizeof:drm_nvidia_get_dev_info_params.supports_semsurf	4
580.95.05	sizeof:drm_nvidia_gem_import_nvkms_memory_params	32
580.95.05	offsetof:drm_nvidia_gem_import_nvkms_memory_params.mem_size	0
580.95.05	sizeof:drm_nvidia_gem_import_nvkms_memory_params.mem_size	8
580.95.05	offsetof:drm_nvidia_gem_import_nvkms_memory_params.nvkms_params_ptr	8
580.95.05	sizeof:drm_nvidia_gem_import_nvkms_memory_params.nvkms_params_ptr	8
580.95.05	offsetof:drm_nvidia_gem_import_nvkms_memory_params.nvkms_params_size	16
580.95.05	sizeof:drm_nvidia_gem_import_nvkms_memory_params.nvkms_params_size	8
580.95.05	offsetof:drm_nvidia_gem_import_nvkms_memory_params.handle	24
580.95.05	sizeof:drm_nvidia_gem_import_nvkms_memory_params.handle	4
580.95.05	sizeof:NvKmsKapiPrivImportMemoryParams	28
580.95.05	offsetof:NvKmsKapiPrivImportMemoryParams.memFd	0
580.95.05	sizeof:NvKmsKapiPrivImportMemoryParams.memFd	4
580.95.05	offsetof:NvKmsKapiPrivImportMemoryParams.surfaceParams.layout	4
580.95.05	sizeof:NvKmsKapiPrivImportMemoryParams.surfaceParams.layout	4
580.95.05	offsetof:NvKmsKapiPrivImportMemoryParams.surfaceParams.blockLinear.log2GobsPerBlock.x	8
580.95.05	sizeof:NvKmsKapiPrivImportMemoryParams.surfaceParams.blockLinear.log2GobsPerBlock.x	4
580.95.05	offsetof:NvKmsKapiPrivImportMemoryParams.surfaceParams.blockLinear.log2GobsPerBlock.y	12
580.95.05	sizeof:NvKmsKapiPrivImportMemoryParams.surfaceParams.blockLinear.log2GobsPerBlock.y	4
580.95.05	offsetof:NvKmsKapiPrivImportMemoryParams.surfaceParams.blockLinear.log2GobsPerBlock.z	16
580.95.05	sizeof:NvKmsKapiPrivImportMemoryParams.surfaceParams.blockLinear.log2GobsPerBlock.z	4
580.95.05	offsetof:NvKmsKapiPrivImportMemoryParams.surfaceParams.blockLinear.pitchInBlocks	20
580.95.05	sizeof:NvKmsKapiPrivImportMemoryParams.surfaceParams.blockLinear.pitchInBlocks	4
580.95.05	offsetof:NvKmsKapiPrivImportMemoryParams.surfaceParams.blockLinear.genericMemory	24
580.95.05	sizeof:NvKmsKapiPrivImportMemoryParams.surfaceParams.blockLinear.genericMemory	1
580.95.05	ioctl:DRM_IOCTL_NVIDIA_GET_DEV_INFO	0xc0246443
580.95.05	ioctl:DRM_IOCTL_NVIDIA_GEM_IMPORT_NVKMS_MEMORY	0xc0206441
580.95.05	enum:NvKmsSurfaceMemoryLayoutBlockLinear	0
580.95.05	enum:NvKmsSurfaceMemoryLayoutPitch	1
580.105.08	status	MEASURED
580.105.08	header	kernel-open/nvidia-drm/nvidia-drm-ioctl.h src/nvidia-modeset/kapi/interface/nvkms-kapi-private.h
580.105.08	sizeof:drm_nvidia_get_dev_info_params	36
580.105.08	offsetof:drm_nvidia_get_dev_info_params.gpu_id	0
580.105.08	sizeof:drm_nvidia_get_dev_info_params.gpu_id	4
580.105.08	offsetof:drm_nvidia_get_dev_info_params.mig_device	4
580.105.08	sizeof:drm_nvidia_get_dev_info_params.mig_device	4
580.105.08	offsetof:drm_nvidia_get_dev_info_params.primary_index	8
580.105.08	sizeof:drm_nvidia_get_dev_info_params.primary_index	4
580.105.08	offsetof:drm_nvidia_get_dev_info_params.supports_alloc	12
580.105.08	sizeof:drm_nvidia_get_dev_info_params.supports_alloc	4
580.105.08	offsetof:drm_nvidia_get_dev_info_params.generic_page_kind	16
580.105.08	sizeof:drm_nvidia_get_dev_info_params.generic_page_kind	4
580.105.08	offsetof:drm_nvidia_get_dev_info_params.page_kind_generation	20
580.105.08	sizeof:drm_nvidia_get_dev_info_params.page_kind_generation	4
580.105.08	offsetof:drm_nvidia_get_dev_info_params.sector_layout	24
580.105.08	sizeof:drm_nvidia_get_dev_info_params.sector_layout	4
580.105.08	offsetof:drm_nvidia_get_dev_info_params.supports_sync_fd	28
580.105.08	sizeof:drm_nvidia_get_dev_info_params.supports_sync_fd	4
580.105.08	offsetof:drm_nvidia_get_dev_info_params.supports_semsurf	32
580.105.08	sizeof:drm_nvidia_get_dev_info_params.supports_semsurf	4
580.105.08	sizeof:drm_nvidia_gem_import_nvkms_memory_params	32
580.105.08	offsetof:drm_nvidia_gem_import_nvkms_memory_params.mem_size	0
580.105.08	sizeof:drm_nvidia_gem_import_nvkms_memory_params.mem_size	8
580.105.08	offsetof:drm_nvidia_gem_import_nvkms_memory_params.nvkms_params_ptr	8
580.105.08	sizeof:drm_nvidia_gem_import_nvkms_memory_params.nvkms_params_ptr	8
580.105.08	offsetof:drm_nvidia_gem_import_nvkms_memory_params.nvkms_params_size	16
580.105.08	sizeof:drm_nvidia_gem_import_nvkms_memory_params.nvkms_params_size	8
580.105.08	offsetof:drm_nvidia_gem_import_nvkms_memory_params.handle	24
580.105.08	sizeof:drm_nvidia_gem_import_nvkms_memory_params.handle	4
580.105.08	sizeof:NvKmsKapiPrivImportMemoryParams	28
580.105.08	offsetof:NvKmsKapiPrivImportMemoryParams.memFd	0
580.105.08	sizeof:NvKmsKapiPrivImportMemoryParams.memFd	4
580.105.08	offsetof:NvKmsKapiPrivImportMemoryParams.surfaceParams.layout	4
580.105.08	sizeof:NvKmsKapiPrivImportMemoryParams.surfaceParams.layout	4
580.105.08	offsetof:NvKmsKapiPrivImportMemoryParams.surfaceParams.blockLinear.log2GobsPerBlock.x	8
580.105.08	sizeof:NvKmsKapiPrivImportMemoryParams.surfaceParams.blockLinear.log2GobsPerBlock.x	4
580.105.08	offsetof:NvKmsKapiPrivImportMemoryParams.surfaceParams.blockLinear.log2GobsPerBlock.y	12
580.105.08	sizeof:NvKmsKapiPrivImportMemoryParams.surfaceParams.blockLinear.log2GobsPerBlock.y	4
580.105.08	offsetof:NvKmsKapiPrivImportMemoryParams.surfaceParams.blockLinear.log2GobsPerBlock.z	16
580.105.08	sizeof:NvKmsKapiPrivImportMemoryParams.surfaceParams.blockLinear.log2GobsPerBlock.z	4
580.105.08	offsetof:NvKmsKapiPrivImportMemoryParams.surfaceParams.blockLinear.pitchInBlocks	20
580.105.08	sizeof:NvKmsKapiPrivImportMemoryParams.surfaceParams.blockLinear.pitchInBlocks	4
580.105.08	offsetof:NvKmsKapiPrivImportMemoryParams.surfaceParams.blockLinear.genericMemory	24
580.105.08	sizeof:NvKmsKapiPrivImportMemoryParams.surfaceParams.blockLinear.genericMemory	1
580.105.08	ioctl:DRM_IOCTL_NVIDIA_GET_DEV_INFO	0xc0246443
580.105.08	ioctl:DRM_IOCTL_NVIDIA_GEM_IMPORT_NVKMS_MEMORY	0xc0206441
580.105.08	enum:NvKmsSurfaceMemoryLayoutBlockLinear	0
580.105.08	enum:NvKmsSurfaceMemoryLayoutPitch	1
580.126.09	status	MEASURED
580.126.09	header	kernel-open/nvidia-drm/nvidia-drm-ioctl.h src/nvidia-modeset/kapi/interface/nvkms-kapi-private.h
580.126.09	sizeof:drm_nvidia_get_dev_info_params	36
580.126.09	offsetof:drm_nvidia_get_dev_info_params.gpu_id	0
580.126.09	sizeof:drm_nvidia_get_dev_info_params.gpu_id	4
580.126.09	offsetof:drm_nvidia_get_dev_info_params.mig_device	4
580.126.09	sizeof:drm_nvidia_get_dev_info_params.mig_device	4
580.126.09	offsetof:drm_nvidia_get_dev_info_params.primary_index	8
580.126.09	sizeof:drm_nvidia_get_dev_info_params.primary_index	4
580.126.09	offsetof:drm_nvidia_get_dev_info_params.supports_alloc	12
580.126.09	sizeof:drm_nvidia_get_dev_info_params.supports_alloc	4
580.126.09	offsetof:drm_nvidia_get_dev_info_params.generic_page_kind	16
580.126.09	sizeof:drm_nvidia_get_dev_info_params.generic_page_kind	4
580.126.09	offsetof:drm_nvidia_get_dev_info_params.page_kind_generation	20
580.126.09	sizeof:drm_nvidia_get_dev_info_params.page_kind_generation	4
580.126.09	offsetof:drm_nvidia_get_dev_info_params.sector_layout	24
580.126.09	sizeof:drm_nvidia_get_dev_info_params.sector_layout	4
580.126.09	offsetof:drm_nvidia_get_dev_info_params.supports_sync_fd	28
580.126.09	sizeof:drm_nvidia_get_dev_info_params.supports_sync_fd	4
580.126.09	offsetof:drm_nvidia_get_dev_info_params.supports_semsurf	32
580.126.09	sizeof:drm_nvidia_get_dev_info_params.supports_semsurf	4
580.126.09	sizeof:drm_nvidia_gem_import_nvkms_memory_params	32
580.126.09	offsetof:drm_nvidia_gem_import_nvkms_memory_params.mem_size	0
580.126.09	sizeof:drm_nvidia_gem_import_nvkms_memory_params.mem_size	8
580.126.09	offsetof:drm_nvidia_gem_import_nvkms_memory_params.nvkms_params_ptr	8
580.126.09	sizeof:drm_nvidia_gem_import_nvkms_memory_params.nvkms_params_ptr	8
580.126.09	offsetof:drm_nvidia_gem_import_nvkms_memory_params.nvkms_params_size	16
580.126.09	sizeof:drm_nvidia_gem_import_nvkms_memory_params.nvkms_params_size	8
580.126.09	offsetof:drm_nvidia_gem_import_nvkms_memory_params.handle	24
580.126.09	sizeof:drm_nvidia_gem_import_nvkms_memory_params.handle	4
580.126.09	sizeof:NvKmsKapiPrivImportMemoryParams	28
580.126.09	offsetof:NvKmsKapiPrivImportMemoryParams.memFd	0
580.126.09	sizeof:NvKmsKapiPrivImportMemoryParams.memFd	4
580.126.09	offsetof:NvKmsKapiPrivImportMemoryParams.surfaceParams.layout	4
580.126.09	sizeof:NvKmsKapiPrivImportMemoryParams.surfaceParams.layout	4
580.126.09	offsetof:NvKmsKapiPrivImportMemoryParams.surfaceParams.blockLinear.log2GobsPerBlock.x	8
580.126.09	sizeof:NvKmsKapiPrivImportMemoryParams.surfaceParams.blockLinear.log2GobsPerBlock.x	4
580.126.09	offsetof:NvKmsKapiPrivImportMemoryParams.surfaceParams.blockLinear.log2GobsPerBlock.y	12
580.126.09	sizeof:NvKmsKapiPrivImportMemoryParams.surfaceParams.blockLinear.log2GobsPerBlock.y	4
580.126.09	offsetof:NvKmsKapiPrivImportMemoryParams.surfaceParams.blockLinear.log2GobsPerBlock.z	16
580.126.09	sizeof:NvKmsKapiPrivImportMemoryParams.surfaceParams.blockLinear.log2GobsPerBlock.z	4
580.126.09	offsetof:NvKmsKapiPrivImportMemoryParams.surfaceParams.blockLinear.pitchInBlocks	20
580.126.09	sizeof:NvKmsKapiPrivImportMemoryParams.surfaceParams.blockLinear.pitchInBlocks	4
580.126.09	offsetof:NvKmsKapiPrivImportMemoryParams.surfaceParams.blockLinear.genericMemory	24
580.126.09	sizeof:NvKmsKapiPrivImportMemoryParams.surfaceParams.blockLinear.genericMemory	1
580.126.09	ioctl:DRM_IOCTL_NVIDIA_GET_DEV_INFO	0xc0246443
580.126.09	ioctl:DRM_IOCTL_NVIDIA_GEM_IMPORT_NVKMS_MEMORY	0xc0206441
580.126.09	enum:NvKmsSurfaceMemoryLayoutBlockLinear	0
580.126.09	enum:NvKmsSurfaceMemoryLayoutPitch	1
580.159.04	status	MEASURED
580.159.04	header	kernel-open/nvidia-drm/nvidia-drm-ioctl.h src/nvidia-modeset/kapi/interface/nvkms-kapi-private.h
580.159.04	sizeof:drm_nvidia_get_dev_info_params	36
580.159.04	offsetof:drm_nvidia_get_dev_info_params.gpu_id	0
580.159.04	sizeof:drm_nvidia_get_dev_info_params.gpu_id	4
580.159.04	offsetof:drm_nvidia_get_dev_info_params.mig_device	4
580.159.04	sizeof:drm_nvidia_get_dev_info_params.mig_device	4
580.159.04	offsetof:drm_nvidia_get_dev_info_params.primary_index	8
580.159.04	sizeof:drm_nvidia_get_dev_info_params.primary_index	4
580.159.04	offsetof:drm_nvidia_get_dev_info_params.supports_alloc	12
580.159.04	sizeof:drm_nvidia_get_dev_info_params.supports_alloc	4
580.159.04	offsetof:drm_nvidia_get_dev_info_params.generic_page_kind	16
580.159.04	sizeof:drm_nvidia_get_dev_info_params.generic_page_kind	4
580.159.04	offsetof:drm_nvidia_get_dev_info_params.page_kind_generation	20
580.159.04	sizeof:drm_nvidia_get_dev_info_params.page_kind_generation	4
580.159.04	offsetof:drm_nvidia_get_dev_info_params.sector_layout	24
580.159.04	sizeof:drm_nvidia_get_dev_info_params.sector_layout	4
580.159.04	offsetof:drm_nvidia_get_dev_info_params.supports_sync_fd	28
580.159.04	sizeof:drm_nvidia_get_dev_info_params.supports_sync_fd	4
580.159.04	offsetof:drm_nvidia_get_dev_info_params.supports_semsurf	32
580.159.04	sizeof:drm_nvidia_get_dev_info_params.supports_semsurf	4
580.159.04	sizeof:drm_nvidia_gem_import_nvkms_memory_params	32
580.159.04	offsetof:drm_nvidia_gem_import_nvkms_memory_params.mem_size	0
580.159.04	sizeof:drm_nvidia_gem_import_nvkms_memory_params.mem_size	8
580.159.04	offsetof:drm_nvidia_gem_import_nvkms_memory_params.nvkms_params_ptr	8
580.159.04	sizeof:drm_nvidia_gem_import_nvkms_memory_params.nvkms_params_ptr	8
580.159.04	offsetof:drm_nvidia_gem_import_nvkms_memory_params.nvkms_params_size	16
580.159.04	sizeof:drm_nvidia_gem_import_nvkms_memory_params.nvkms_params_size	8
580.159.04	offsetof:drm_nvidia_gem_import_nvkms_memory_params.handle	24
580.159.04	sizeof:drm_nvidia_gem_import_nvkms_memory_params.handle	4
580.159.04	sizeof:NvKmsKapiPrivImportMemoryParams	28
580.159.04	offsetof:NvKmsKapiPrivImportMemoryParams.memFd	0
580.159.04	sizeof:NvKmsKapiPrivImportMemoryParams.memFd	4
580.159.04	offsetof:NvKmsKapiPrivImportMemoryParams.surfaceParams.layout	4
580.159.04	sizeof:NvKmsKapiPrivImportMemoryParams.surfaceParams.layout	4
580.159.04	offsetof:NvKmsKapiPrivImportMemoryParams.surfaceParams.blockLinear.log2GobsPerBlock.x	8
580.159.04	sizeof:NvKmsKapiPrivImportMemoryParams.surfaceParams.blockLinear.log2GobsPerBlock.x	4
580.159.04	offsetof:NvKmsKapiPrivImportMemoryParams.surfaceParams.blockLinear.log2GobsPerBlock.y	12
580.159.04	sizeof:NvKmsKapiPrivImportMemoryParams.surfaceParams.blockLinear.log2GobsPerBlock.y	4
580.159.04	offsetof:NvKmsKapiPrivImportMemoryParams.surfaceParams.blockLinear.log2GobsPerBlock.z	16
580.159.04	sizeof:NvKmsKapiPrivImportMemoryParams.surfaceParams.blockLinear.log2GobsPerBlock.z	4
580.159.04	offsetof:NvKmsKapiPrivImportMemoryParams.surfaceParams.blockLinear.pitchInBlocks	20
580.159.04	sizeof:NvKmsKapiPrivImportMemoryParams.surfaceParams.blockLinear.pitchInBlocks	4
580.159.04	offsetof:NvKmsKapiPrivImportMemoryParams.surfaceParams.blockLinear.genericMemory	24
580.159.04	sizeof:NvKmsKapiPrivImportMemoryParams.surfaceParams.blockLinear.genericMemory	1
580.159.04	ioctl:DRM_IOCTL_NVIDIA_GET_DEV_INFO	0xc0246443
580.159.04	ioctl:DRM_IOCTL_NVIDIA_GEM_IMPORT_NVKMS_MEMORY	0xc0206441
580.159.04	enum:NvKmsSurfaceMemoryLayoutBlockLinear	0
580.159.04	enum:NvKmsSurfaceMemoryLayoutPitch	1
580.173.02	status	MEASURED
580.173.02	header	kernel-open/nvidia-drm/nvidia-drm-ioctl.h src/nvidia-modeset/kapi/interface/nvkms-kapi-private.h
580.173.02	sizeof:drm_nvidia_get_dev_info_params	36
580.173.02	offsetof:drm_nvidia_get_dev_info_params.gpu_id	0
580.173.02	sizeof:drm_nvidia_get_dev_info_params.gpu_id	4
580.173.02	offsetof:drm_nvidia_get_dev_info_params.mig_device	4
580.173.02	sizeof:drm_nvidia_get_dev_info_params.mig_device	4
580.173.02	offsetof:drm_nvidia_get_dev_info_params.primary_index	8
580.173.02	sizeof:drm_nvidia_get_dev_info_params.primary_index	4
580.173.02	offsetof:drm_nvidia_get_dev_info_params.supports_alloc	12
580.173.02	sizeof:drm_nvidia_get_dev_info_params.supports_alloc	4
580.173.02	offsetof:drm_nvidia_get_dev_info_params.generic_page_kind	16
580.173.02	sizeof:drm_nvidia_get_dev_info_params.generic_page_kind	4
580.173.02	offsetof:drm_nvidia_get_dev_info_params.page_kind_generation	20
580.173.02	sizeof:drm_nvidia_get_dev_info_params.page_kind_generation	4
580.173.02	offsetof:drm_nvidia_get_dev_info_params.sector_layout	24
580.173.02	sizeof:drm_nvidia_get_dev_info_params.sector_layout	4
580.173.02	offsetof:drm_nvidia_get_dev_info_params.supports_sync_fd	28
580.173.02	sizeof:drm_nvidia_get_dev_info_params.supports_sync_fd	4
580.173.02	offsetof:drm_nvidia_get_dev_info_params.supports_semsurf	32
580.173.02	sizeof:drm_nvidia_get_dev_info_params.supports_semsurf	4
580.173.02	sizeof:drm_nvidia_gem_import_nvkms_memory_params	32
580.173.02	offsetof:drm_nvidia_gem_import_nvkms_memory_params.mem_size	0
580.173.02	sizeof:drm_nvidia_gem_import_nvkms_memory_params.mem_size	8
580.173.02	offsetof:drm_nvidia_gem_import_nvkms_memory_params.nvkms_params_ptr	8
580.173.02	sizeof:drm_nvidia_gem_import_nvkms_memory_params.nvkms_params_ptr	8
580.173.02	offsetof:drm_nvidia_gem_import_nvkms_memory_params.nvkms_params_size	16
580.173.02	sizeof:drm_nvidia_gem_import_nvkms_memory_params.nvkms_params_size	8
580.173.02	offsetof:drm_nvidia_gem_import_nvkms_memory_params.handle	24
580.173.02	sizeof:drm_nvidia_gem_import_nvkms_memory_params.handle	4
580.173.02	sizeof:NvKmsKapiPrivImportMemoryParams	28
580.173.02	offsetof:NvKmsKapiPrivImportMemoryParams.memFd	0
580.173.02	sizeof:NvKmsKapiPrivImportMemoryParams.memFd	4
580.173.02	offsetof:NvKmsKapiPrivImportMemoryParams.surfaceParams.layout	4
580.173.02	sizeof:NvKmsKapiPrivImportMemoryParams.surfaceParams.layout	4
580.173.02	offsetof:NvKmsKapiPrivImportMemoryParams.surfaceParams.blockLinear.log2GobsPerBlock.x	8
580.173.02	sizeof:NvKmsKapiPrivImportMemoryParams.surfaceParams.blockLinear.log2GobsPerBlock.x	4
580.173.02	offsetof:NvKmsKapiPrivImportMemoryParams.surfaceParams.blockLinear.log2GobsPerBlock.y	12
580.173.02	sizeof:NvKmsKapiPrivImportMemoryParams.surfaceParams.blockLinear.log2GobsPerBlock.y	4
580.173.02	offsetof:NvKmsKapiPrivImportMemoryParams.surfaceParams.blockLinear.log2GobsPerBlock.z	16
580.173.02	sizeof:NvKmsKapiPrivImportMemoryParams.surfaceParams.blockLinear.log2GobsPerBlock.z	4
580.173.02	offsetof:NvKmsKapiPrivImportMemoryParams.surfaceParams.blockLinear.pitchInBlocks	20
580.173.02	sizeof:NvKmsKapiPrivImportMemoryParams.surfaceParams.blockLinear.pitchInBlocks	4
580.173.02	offsetof:NvKmsKapiPrivImportMemoryParams.surfaceParams.blockLinear.genericMemory	24
580.173.02	sizeof:NvKmsKapiPrivImportMemoryParams.surfaceParams.blockLinear.genericMemory	1
580.173.02	ioctl:DRM_IOCTL_NVIDIA_GET_DEV_INFO	0xc0246443
580.173.02	ioctl:DRM_IOCTL_NVIDIA_GEM_IMPORT_NVKMS_MEMORY	0xc0206441
580.173.02	enum:NvKmsSurfaceMemoryLayoutBlockLinear	0
580.173.02	enum:NvKmsSurfaceMemoryLayoutPitch	1
580.178.04	status	MEASURED
580.178.04	header	kernel-open/nvidia-drm/nvidia-drm-ioctl.h src/nvidia-modeset/kapi/interface/nvkms-kapi-private.h
580.178.04	sizeof:drm_nvidia_get_dev_info_params	36
580.178.04	offsetof:drm_nvidia_get_dev_info_params.gpu_id	0
580.178.04	sizeof:drm_nvidia_get_dev_info_params.gpu_id	4
580.178.04	offsetof:drm_nvidia_get_dev_info_params.mig_device	4
580.178.04	sizeof:drm_nvidia_get_dev_info_params.mig_device	4
580.178.04	offsetof:drm_nvidia_get_dev_info_params.primary_index	8
580.178.04	sizeof:drm_nvidia_get_dev_info_params.primary_index	4
580.178.04	offsetof:drm_nvidia_get_dev_info_params.supports_alloc	12
580.178.04	sizeof:drm_nvidia_get_dev_info_params.supports_alloc	4
580.178.04	offsetof:drm_nvidia_get_dev_info_params.generic_page_kind	16
580.178.04	sizeof:drm_nvidia_get_dev_info_params.generic_page_kind	4
580.178.04	offsetof:drm_nvidia_get_dev_info_params.page_kind_generation	20
580.178.04	sizeof:drm_nvidia_get_dev_info_params.page_kind_generation	4
580.178.04	offsetof:drm_nvidia_get_dev_info_params.sector_layout	24
580.178.04	sizeof:drm_nvidia_get_dev_info_params.sector_layout	4
580.178.04	offsetof:drm_nvidia_get_dev_info_params.supports_sync_fd	28
580.178.04	sizeof:drm_nvidia_get_dev_info_params.supports_sync_fd	4
580.178.04	offsetof:drm_nvidia_get_dev_info_params.supports_semsurf	32
580.178.04	sizeof:drm_nvidia_get_dev_info_params.supports_semsurf	4
580.178.04	sizeof:drm_nvidia_gem_import_nvkms_memory_params	32
580.178.04	offsetof:drm_nvidia_gem_import_nvkms_memory_params.mem_size	0
580.178.04	sizeof:drm_nvidia_gem_import_nvkms_memory_params.mem_size	8
580.178.04	offsetof:drm_nvidia_gem_import_nvkms_memory_params.nvkms_params_ptr	8
580.178.04	sizeof:drm_nvidia_gem_import_nvkms_memory_params.nvkms_params_ptr	8
580.178.04	offsetof:drm_nvidia_gem_import_nvkms_memory_params.nvkms_params_size	16
580.178.04	sizeof:drm_nvidia_gem_import_nvkms_memory_params.nvkms_params_size	8
580.178.04	offsetof:drm_nvidia_gem_import_nvkms_memory_params.handle	24
580.178.04	sizeof:drm_nvidia_gem_import_nvkms_memory_params.handle	4
580.178.04	sizeof:NvKmsKapiPrivImportMemoryParams	28
580.178.04	offsetof:NvKmsKapiPrivImportMemoryParams.memFd	0
580.178.04	sizeof:NvKmsKapiPrivImportMemoryParams.memFd	4
580.178.04	offsetof:NvKmsKapiPrivImportMemoryParams.surfaceParams.layout	4
580.178.04	sizeof:NvKmsKapiPrivImportMemoryParams.surfaceParams.layout	4
580.178.04	offsetof:NvKmsKapiPrivImportMemoryParams.surfaceParams.blockLinear.log2GobsPerBlock.x	8
580.178.04	sizeof:NvKmsKapiPrivImportMemoryParams.surfaceParams.blockLinear.log2GobsPerBlock.x	4
580.178.04	offsetof:NvKmsKapiPrivImportMemoryParams.surfaceParams.blockLinear.log2GobsPerBlock.y	12
580.178.04	sizeof:NvKmsKapiPrivImportMemoryParams.surfaceParams.blockLinear.log2GobsPerBlock.y	4
580.178.04	offsetof:NvKmsKapiPrivImportMemoryParams.surfaceParams.blockLinear.log2GobsPerBlock.z	16
580.178.04	sizeof:NvKmsKapiPrivImportMemoryParams.surfaceParams.blockLinear.log2GobsPerBlock.z	4
580.178.04	offsetof:NvKmsKapiPrivImportMemoryParams.surfaceParams.blockLinear.pitchInBlocks	20
580.178.04	sizeof:NvKmsKapiPrivImportMemoryParams.surfaceParams.blockLinear.pitchInBlocks	4
580.178.04	offsetof:NvKmsKapiPrivImportMemoryParams.surfaceParams.blockLinear.genericMemory	24
580.178.04	sizeof:NvKmsKapiPrivImportMemoryParams.surfaceParams.blockLinear.genericMemory	1
580.178.04	ioctl:DRM_IOCTL_NVIDIA_GET_DEV_INFO	0xc0246443
580.178.04	ioctl:DRM_IOCTL_NVIDIA_GEM_IMPORT_NVKMS_MEMORY	0xc0206441
580.178.04	enum:NvKmsSurfaceMemoryLayoutBlockLinear	0
580.178.04	enum:NvKmsSurfaceMemoryLayoutPitch	1
590.48.01	status	MEASURED
590.48.01	header	kernel-open/nvidia-drm/nv_drm_common_ioctl.h src/nvidia-modeset/kapi/interface/nvkms-kapi-private.h
590.48.01	sizeof:drm_nvidia_get_dev_info_params	36
590.48.01	offsetof:drm_nvidia_get_dev_info_params.gpu_id	0
590.48.01	sizeof:drm_nvidia_get_dev_info_params.gpu_id	4
590.48.01	offsetof:drm_nvidia_get_dev_info_params.mig_device	4
590.48.01	sizeof:drm_nvidia_get_dev_info_params.mig_device	4
590.48.01	offsetof:drm_nvidia_get_dev_info_params.primary_index	8
590.48.01	sizeof:drm_nvidia_get_dev_info_params.primary_index	4
590.48.01	offsetof:drm_nvidia_get_dev_info_params.supports_alloc	12
590.48.01	sizeof:drm_nvidia_get_dev_info_params.supports_alloc	4
590.48.01	offsetof:drm_nvidia_get_dev_info_params.generic_page_kind	16
590.48.01	sizeof:drm_nvidia_get_dev_info_params.generic_page_kind	4
590.48.01	offsetof:drm_nvidia_get_dev_info_params.page_kind_generation	20
590.48.01	sizeof:drm_nvidia_get_dev_info_params.page_kind_generation	4
590.48.01	offsetof:drm_nvidia_get_dev_info_params.sector_layout	24
590.48.01	sizeof:drm_nvidia_get_dev_info_params.sector_layout	4
590.48.01	offsetof:drm_nvidia_get_dev_info_params.supports_sync_fd	28
590.48.01	sizeof:drm_nvidia_get_dev_info_params.supports_sync_fd	4
590.48.01	offsetof:drm_nvidia_get_dev_info_params.supports_semsurf	32
590.48.01	sizeof:drm_nvidia_get_dev_info_params.supports_semsurf	4
590.48.01	sizeof:drm_nvidia_gem_import_nvkms_memory_params	32
590.48.01	offsetof:drm_nvidia_gem_import_nvkms_memory_params.mem_size	0
590.48.01	sizeof:drm_nvidia_gem_import_nvkms_memory_params.mem_size	8
590.48.01	offsetof:drm_nvidia_gem_import_nvkms_memory_params.nvkms_params_ptr	8
590.48.01	sizeof:drm_nvidia_gem_import_nvkms_memory_params.nvkms_params_ptr	8
590.48.01	offsetof:drm_nvidia_gem_import_nvkms_memory_params.nvkms_params_size	16
590.48.01	sizeof:drm_nvidia_gem_import_nvkms_memory_params.nvkms_params_size	8
590.48.01	offsetof:drm_nvidia_gem_import_nvkms_memory_params.handle	24
590.48.01	sizeof:drm_nvidia_gem_import_nvkms_memory_params.handle	4
590.48.01	sizeof:NvKmsKapiPrivImportMemoryParams	28
590.48.01	offsetof:NvKmsKapiPrivImportMemoryParams.memFd	0
590.48.01	sizeof:NvKmsKapiPrivImportMemoryParams.memFd	4
590.48.01	offsetof:NvKmsKapiPrivImportMemoryParams.surfaceParams.layout	4
590.48.01	sizeof:NvKmsKapiPrivImportMemoryParams.surfaceParams.layout	4
590.48.01	offsetof:NvKmsKapiPrivImportMemoryParams.surfaceParams.blockLinear.log2GobsPerBlock.x	8
590.48.01	sizeof:NvKmsKapiPrivImportMemoryParams.surfaceParams.blockLinear.log2GobsPerBlock.x	4
590.48.01	offsetof:NvKmsKapiPrivImportMemoryParams.surfaceParams.blockLinear.log2GobsPerBlock.y	12
590.48.01	sizeof:NvKmsKapiPrivImportMemoryParams.surfaceParams.blockLinear.log2GobsPerBlock.y	4
590.48.01	offsetof:NvKmsKapiPrivImportMemoryParams.surfaceParams.blockLinear.log2GobsPerBlock.z	16
590.48.01	sizeof:NvKmsKapiPrivImportMemoryParams.surfaceParams.blockLinear.log2GobsPerBlock.z	4
590.48.01	offsetof:NvKmsKapiPrivImportMemoryParams.surfaceParams.blockLinear.pitchInBlocks	20
590.48.01	sizeof:NvKmsKapiPrivImportMemoryParams.surfaceParams.blockLinear.pitchInBlocks	4
590.48.01	offsetof:NvKmsKapiPrivImportMemoryParams.surfaceParams.blockLinear.genericMemory	24
590.48.01	sizeof:NvKmsKapiPrivImportMemoryParams.surfaceParams.blockLinear.genericMemory	1
590.48.01	ioctl:DRM_IOCTL_NVIDIA_GET_DEV_INFO	0xc0246443
590.48.01	ioctl:DRM_IOCTL_NVIDIA_GEM_IMPORT_NVKMS_MEMORY	0xc0206441
590.48.01	enum:NvKmsSurfaceMemoryLayoutBlockLinear	0
590.48.01	enum:NvKmsSurfaceMemoryLayoutPitch	1
595.84	status	MEASURED
595.84	header	kernel-open/nvidia-drm/nv_drm_common_ioctl.h src/nvidia-modeset/kapi/interface/nvkms-kapi-private.h
595.84	sizeof:drm_nvidia_get_dev_info_params	36
595.84	offsetof:drm_nvidia_get_dev_info_params.gpu_id	0
595.84	sizeof:drm_nvidia_get_dev_info_params.gpu_id	4
595.84	offsetof:drm_nvidia_get_dev_info_params.mig_device	4
595.84	sizeof:drm_nvidia_get_dev_info_params.mig_device	4
595.84	offsetof:drm_nvidia_get_dev_info_params.primary_index	8
595.84	sizeof:drm_nvidia_get_dev_info_params.primary_index	4
595.84	offsetof:drm_nvidia_get_dev_info_params.supports_alloc	12
595.84	sizeof:drm_nvidia_get_dev_info_params.supports_alloc	4
595.84	offsetof:drm_nvidia_get_dev_info_params.generic_page_kind	16
595.84	sizeof:drm_nvidia_get_dev_info_params.generic_page_kind	4
595.84	offsetof:drm_nvidia_get_dev_info_params.page_kind_generation	20
595.84	sizeof:drm_nvidia_get_dev_info_params.page_kind_generation	4
595.84	offsetof:drm_nvidia_get_dev_info_params.sector_layout	24
595.84	sizeof:drm_nvidia_get_dev_info_params.sector_layout	4
595.84	offsetof:drm_nvidia_get_dev_info_params.supports_sync_fd	28
595.84	sizeof:drm_nvidia_get_dev_info_params.supports_sync_fd	4
595.84	offsetof:drm_nvidia_get_dev_info_params.supports_semsurf	32
595.84	sizeof:drm_nvidia_get_dev_info_params.supports_semsurf	4
595.84	sizeof:drm_nvidia_gem_import_nvkms_memory_params	32
595.84	offsetof:drm_nvidia_gem_import_nvkms_memory_params.mem_size	0
595.84	sizeof:drm_nvidia_gem_import_nvkms_memory_params.mem_size	8
595.84	offsetof:drm_nvidia_gem_import_nvkms_memory_params.nvkms_params_ptr	8
595.84	sizeof:drm_nvidia_gem_import_nvkms_memory_params.nvkms_params_ptr	8
595.84	offsetof:drm_nvidia_gem_import_nvkms_memory_params.nvkms_params_size	16
595.84	sizeof:drm_nvidia_gem_import_nvkms_memory_params.nvkms_params_size	8
595.84	offsetof:drm_nvidia_gem_import_nvkms_memory_params.handle	24
595.84	sizeof:drm_nvidia_gem_import_nvkms_memory_params.handle	4
595.84	sizeof:NvKmsKapiPrivImportMemoryParams	28
595.84	offsetof:NvKmsKapiPrivImportMemoryParams.memFd	0
595.84	sizeof:NvKmsKapiPrivImportMemoryParams.memFd	4
595.84	offsetof:NvKmsKapiPrivImportMemoryParams.surfaceParams.layout	4
595.84	sizeof:NvKmsKapiPrivImportMemoryParams.surfaceParams.layout	4
595.84	offsetof:NvKmsKapiPrivImportMemoryParams.surfaceParams.blockLinear.log2GobsPerBlock.x	8
595.84	sizeof:NvKmsKapiPrivImportMemoryParams.surfaceParams.blockLinear.log2GobsPerBlock.x	4
595.84	offsetof:NvKmsKapiPrivImportMemoryParams.surfaceParams.blockLinear.log2GobsPerBlock.y	12
595.84	sizeof:NvKmsKapiPrivImportMemoryParams.surfaceParams.blockLinear.log2GobsPerBlock.y	4
595.84	offsetof:NvKmsKapiPrivImportMemoryParams.surfaceParams.blockLinear.log2GobsPerBlock.z	16
595.84	sizeof:NvKmsKapiPrivImportMemoryParams.surfaceParams.blockLinear.log2GobsPerBlock.z	4
595.84	offsetof:NvKmsKapiPrivImportMemoryParams.surfaceParams.blockLinear.pitchInBlocks	20
595.84	sizeof:NvKmsKapiPrivImportMemoryParams.surfaceParams.blockLinear.pitchInBlocks	4
595.84	offsetof:NvKmsKapiPrivImportMemoryParams.surfaceParams.blockLinear.genericMemory	24
595.84	sizeof:NvKmsKapiPrivImportMemoryParams.surfaceParams.blockLinear.genericMemory	1
595.84	ioctl:DRM_IOCTL_NVIDIA_GET_DEV_INFO	0xc0246443
595.84	ioctl:DRM_IOCTL_NVIDIA_GEM_IMPORT_NVKMS_MEMORY	0xc0206441
595.84	enum:NvKmsSurfaceMemoryLayoutBlockLinear	0
595.84	enum:NvKmsSurfaceMemoryLayoutPitch	1
595.91.07	status	MEASURED
595.91.07	header	kernel-open/nvidia-drm/nv_drm_common_ioctl.h src/nvidia-modeset/kapi/interface/nvkms-kapi-private.h
595.91.07	sizeof:drm_nvidia_get_dev_info_params	36
595.91.07	offsetof:drm_nvidia_get_dev_info_params.gpu_id	0
595.91.07	sizeof:drm_nvidia_get_dev_info_params.gpu_id	4
595.91.07	offsetof:drm_nvidia_get_dev_info_params.mig_device	4
595.91.07	sizeof:drm_nvidia_get_dev_info_params.mig_device	4
595.91.07	offsetof:drm_nvidia_get_dev_info_params.primary_index	8
595.91.07	sizeof:drm_nvidia_get_dev_info_params.primary_index	4
595.91.07	offsetof:drm_nvidia_get_dev_info_params.supports_alloc	12
595.91.07	sizeof:drm_nvidia_get_dev_info_params.supports_alloc	4
595.91.07	offsetof:drm_nvidia_get_dev_info_params.generic_page_kind	16
595.91.07	sizeof:drm_nvidia_get_dev_info_params.generic_page_kind	4
595.91.07	offsetof:drm_nvidia_get_dev_info_params.page_kind_generation	20
595.91.07	sizeof:drm_nvidia_get_dev_info_params.page_kind_generation	4
595.91.07	offsetof:drm_nvidia_get_dev_info_params.sector_layout	24
595.91.07	sizeof:drm_nvidia_get_dev_info_params.sector_layout	4
595.91.07	offsetof:drm_nvidia_get_dev_info_params.supports_sync_fd	28
595.91.07	sizeof:drm_nvidia_get_dev_info_params.supports_sync_fd	4
595.91.07	offsetof:drm_nvidia_get_dev_info_params.supports_semsurf	32
595.91.07	sizeof:drm_nvidia_get_dev_info_params.supports_semsurf	4
595.91.07	sizeof:drm_nvidia_gem_import_nvkms_memory_params	32
595.91.07	offsetof:drm_nvidia_gem_import_nvkms_memory_params.mem_size	0
595.91.07	sizeof:drm_nvidia_gem_import_nvkms_memory_params.mem_size	8
595.91.07	offsetof:drm_nvidia_gem_import_nvkms_memory_params.nvkms_params_ptr	8
595.91.07	sizeof:drm_nvidia_gem_import_nvkms_memory_params.nvkms_params_ptr	8
595.91.07	offsetof:drm_nvidia_gem_import_nvkms_memory_params.nvkms_params_size	16
595.91.07	sizeof:drm_nvidia_gem_import_nvkms_memory_params.nvkms_params_size	8
595.91.07	offsetof:drm_nvidia_gem_import_nvkms_memory_params.handle	24
595.91.07	sizeof:drm_nvidia_gem_import_nvkms_memory_params.handle	4
595.91.07	sizeof:NvKmsKapiPrivImportMemoryParams	28
595.91.07	offsetof:NvKmsKapiPrivImportMemoryParams.memFd	0
595.91.07	sizeof:NvKmsKapiPrivImportMemoryParams.memFd	4
595.91.07	offsetof:NvKmsKapiPrivImportMemoryParams.surfaceParams.layout	4
595.91.07	sizeof:NvKmsKapiPrivImportMemoryParams.surfaceParams.layout	4
595.91.07	offsetof:NvKmsKapiPrivImportMemoryParams.surfaceParams.blockLinear.log2GobsPerBlock.x	8
595.91.07	sizeof:NvKmsKapiPrivImportMemoryParams.surfaceParams.blockLinear.log2GobsPerBlock.x	4
595.91.07	offsetof:NvKmsKapiPrivImportMemoryParams.surfaceParams.blockLinear.log2GobsPerBlock.y	12
595.91.07	sizeof:NvKmsKapiPrivImportMemoryParams.surfaceParams.blockLinear.log2GobsPerBlock.y	4
595.91.07	offsetof:NvKmsKapiPrivImportMemoryParams.surfaceParams.blockLinear.log2GobsPerBlock.z	16
595.91.07	sizeof:NvKmsKapiPrivImportMemoryParams.surfaceParams.blockLinear.log2GobsPerBlock.z	4
595.91.07	offsetof:NvKmsKapiPrivImportMemoryParams.surfaceParams.blockLinear.pitchInBlocks	20
595.91.07	sizeof:NvKmsKapiPrivImportMemoryParams.surfaceParams.blockLinear.pitchInBlocks	4
595.91.07	offsetof:NvKmsKapiPrivImportMemoryParams.surfaceParams.blockLinear.genericMemory	24
595.91.07	sizeof:NvKmsKapiPrivImportMemoryParams.surfaceParams.blockLinear.genericMemory	1
595.91.07	ioctl:DRM_IOCTL_NVIDIA_GET_DEV_INFO	0xc0246443
595.91.07	ioctl:DRM_IOCTL_NVIDIA_GEM_IMPORT_NVKMS_MEMORY	0xc0206441
595.91.07	enum:NvKmsSurfaceMemoryLayoutBlockLinear	0
595.91.07	enum:NvKmsSurfaceMemoryLayoutPitch	1
610.43.02	status	MEASURED
610.43.02	header	kernel-open/nvidia-drm/nv_drm_common_ioctl.h src/nvidia-modeset/kapi/interface/nvkms-kapi-private.h
610.43.02	sizeof:drm_nvidia_get_dev_info_params	36
610.43.02	offsetof:drm_nvidia_get_dev_info_params.gpu_id	0
610.43.02	sizeof:drm_nvidia_get_dev_info_params.gpu_id	4
610.43.02	offsetof:drm_nvidia_get_dev_info_params.mig_device	4
610.43.02	sizeof:drm_nvidia_get_dev_info_params.mig_device	4
610.43.02	offsetof:drm_nvidia_get_dev_info_params.primary_index	8
610.43.02	sizeof:drm_nvidia_get_dev_info_params.primary_index	4
610.43.02	offsetof:drm_nvidia_get_dev_info_params.supports_alloc	12
610.43.02	sizeof:drm_nvidia_get_dev_info_params.supports_alloc	4
610.43.02	offsetof:drm_nvidia_get_dev_info_params.generic_page_kind	16
610.43.02	sizeof:drm_nvidia_get_dev_info_params.generic_page_kind	4
610.43.02	offsetof:drm_nvidia_get_dev_info_params.page_kind_generation	20
610.43.02	sizeof:drm_nvidia_get_dev_info_params.page_kind_generation	4
610.43.02	offsetof:drm_nvidia_get_dev_info_params.sector_layout	24
610.43.02	sizeof:drm_nvidia_get_dev_info_params.sector_layout	4
610.43.02	offsetof:drm_nvidia_get_dev_info_params.supports_sync_fd	28
610.43.02	sizeof:drm_nvidia_get_dev_info_params.supports_sync_fd	4
610.43.02	offsetof:drm_nvidia_get_dev_info_params.supports_semsurf	32
610.43.02	sizeof:drm_nvidia_get_dev_info_params.supports_semsurf	4
610.43.02	sizeof:drm_nvidia_gem_import_nvkms_memory_params	32
610.43.02	offsetof:drm_nvidia_gem_import_nvkms_memory_params.mem_size	0
610.43.02	sizeof:drm_nvidia_gem_import_nvkms_memory_params.mem_size	8
610.43.02	offsetof:drm_nvidia_gem_import_nvkms_memory_params.nvkms_params_ptr	8
610.43.02	sizeof:drm_nvidia_gem_import_nvkms_memory_params.nvkms_params_ptr	8
610.43.02	offsetof:drm_nvidia_gem_import_nvkms_memory_params.nvkms_params_size	16
610.43.02	sizeof:drm_nvidia_gem_import_nvkms_memory_params.nvkms_params_size	8
610.43.02	offsetof:drm_nvidia_gem_import_nvkms_memory_params.handle	24
610.43.02	sizeof:drm_nvidia_gem_import_nvkms_memory_params.handle	4
610.43.02	sizeof:NvKmsKapiPrivImportMemoryParams	28
610.43.02	offsetof:NvKmsKapiPrivImportMemoryParams.memFd	0
610.43.02	sizeof:NvKmsKapiPrivImportMemoryParams.memFd	4
610.43.02	offsetof:NvKmsKapiPrivImportMemoryParams.surfaceParams.layout	4
610.43.02	sizeof:NvKmsKapiPrivImportMemoryParams.surfaceParams.layout	4
610.43.02	offsetof:NvKmsKapiPrivImportMemoryParams.surfaceParams.blockLinear.log2GobsPerBlock.x	8
610.43.02	sizeof:NvKmsKapiPrivImportMemoryParams.surfaceParams.blockLinear.log2GobsPerBlock.x	4
610.43.02	offsetof:NvKmsKapiPrivImportMemoryParams.surfaceParams.blockLinear.log2GobsPerBlock.y	12
610.43.02	sizeof:NvKmsKapiPrivImportMemoryParams.surfaceParams.blockLinear.log2GobsPerBlock.y	4
610.43.02	offsetof:NvKmsKapiPrivImportMemoryParams.surfaceParams.blockLinear.log2GobsPerBlock.z	16
610.43.02	sizeof:NvKmsKapiPrivImportMemoryParams.surfaceParams.blockLinear.log2GobsPerBlock.z	4
610.43.02	offsetof:NvKmsKapiPrivImportMemoryParams.surfaceParams.blockLinear.pitchInBlocks	20
610.43.02	sizeof:NvKmsKapiPrivImportMemoryParams.surfaceParams.blockLinear.pitchInBlocks	4
610.43.02	offsetof:NvKmsKapiPrivImportMemoryParams.surfaceParams.blockLinear.genericMemory	24
610.43.02	sizeof:NvKmsKapiPrivImportMemoryParams.surfaceParams.blockLinear.genericMemory	1
610.43.02	ioctl:DRM_IOCTL_NVIDIA_GET_DEV_INFO	0xc0246443
610.43.02	ioctl:DRM_IOCTL_NVIDIA_GEM_IMPORT_NVKMS_MEMORY	0xc0206441
610.43.02	enum:NvKmsSurfaceMemoryLayoutBlockLinear	0
610.43.02	enum:NvKmsSurfaceMemoryLayoutPitch	1
610.57.04	status	MEASURED
610.57.04	header	kernel-open/nvidia-drm/nv_drm_common_ioctl.h src/nvidia-modeset/kapi/interface/nvkms-kapi-private.h
610.57.04	sizeof:drm_nvidia_get_dev_info_params	36
610.57.04	offsetof:drm_nvidia_get_dev_info_params.gpu_id	0
610.57.04	sizeof:drm_nvidia_get_dev_info_params.gpu_id	4
610.57.04	offsetof:drm_nvidia_get_dev_info_params.mig_device	4
610.57.04	sizeof:drm_nvidia_get_dev_info_params.mig_device	4
610.57.04	offsetof:drm_nvidia_get_dev_info_params.primary_index	8
610.57.04	sizeof:drm_nvidia_get_dev_info_params.primary_index	4
610.57.04	offsetof:drm_nvidia_get_dev_info_params.supports_alloc	12
610.57.04	sizeof:drm_nvidia_get_dev_info_params.supports_alloc	4
610.57.04	offsetof:drm_nvidia_get_dev_info_params.generic_page_kind	16
610.57.04	sizeof:drm_nvidia_get_dev_info_params.generic_page_kind	4
610.57.04	offsetof:drm_nvidia_get_dev_info_params.page_kind_generation	20
610.57.04	sizeof:drm_nvidia_get_dev_info_params.page_kind_generation	4
610.57.04	offsetof:drm_nvidia_get_dev_info_params.sector_layout	24
610.57.04	sizeof:drm_nvidia_get_dev_info_params.sector_layout	4
610.57.04	offsetof:drm_nvidia_get_dev_info_params.supports_sync_fd	28
610.57.04	sizeof:drm_nvidia_get_dev_info_params.supports_sync_fd	4
610.57.04	offsetof:drm_nvidia_get_dev_info_params.supports_semsurf	32
610.57.04	sizeof:drm_nvidia_get_dev_info_params.supports_semsurf	4
610.57.04	sizeof:drm_nvidia_gem_import_nvkms_memory_params	32
610.57.04	offsetof:drm_nvidia_gem_import_nvkms_memory_params.mem_size	0
610.57.04	sizeof:drm_nvidia_gem_import_nvkms_memory_params.mem_size	8
610.57.04	offsetof:drm_nvidia_gem_import_nvkms_memory_params.nvkms_params_ptr	8
610.57.04	sizeof:drm_nvidia_gem_import_nvkms_memory_params.nvkms_params_ptr	8
610.57.04	offsetof:drm_nvidia_gem_import_nvkms_memory_params.nvkms_params_size	16
610.57.04	sizeof:drm_nvidia_gem_import_nvkms_memory_params.nvkms_params_size	8
610.57.04	offsetof:drm_nvidia_gem_import_nvkms_memory_params.handle	24
610.57.04	sizeof:drm_nvidia_gem_import_nvkms_memory_params.handle	4
610.57.04	sizeof:NvKmsKapiPrivImportMemoryParams	28
610.57.04	offsetof:NvKmsKapiPrivImportMemoryParams.memFd	0
610.57.04	sizeof:NvKmsKapiPrivImportMemoryParams.memFd	4
610.57.04	offsetof:NvKmsKapiPrivImportMemoryParams.surfaceParams.layout	4
610.57.04	sizeof:NvKmsKapiPrivImportMemoryParams.surfaceParams.layout	4
610.57.04	offsetof:NvKmsKapiPrivImportMemoryParams.surfaceParams.blockLinear.log2GobsPerBlock.x	8
610.57.04	sizeof:NvKmsKapiPrivImportMemoryParams.surfaceParams.blockLinear.log2GobsPerBlock.x	4
610.57.04	offsetof:NvKmsKapiPrivImportMemoryParams.surfaceParams.blockLinear.log2GobsPerBlock.y	12
610.57.04	sizeof:NvKmsKapiPrivImportMemoryParams.surfaceParams.blockLinear.log2GobsPerBlock.y	4
610.57.04	offsetof:NvKmsKapiPrivImportMemoryParams.surfaceParams.blockLinear.log2GobsPerBlock.z	16
610.57.04	sizeof:NvKmsKapiPrivImportMemoryParams.surfaceParams.blockLinear.log2GobsPerBlock.z	4
610.57.04	offsetof:NvKmsKapiPrivImportMemoryParams.surfaceParams.blockLinear.pitchInBlocks	20
610.57.04	sizeof:NvKmsKapiPrivImportMemoryParams.surfaceParams.blockLinear.pitchInBlocks	4
610.57.04	offsetof:NvKmsKapiPrivImportMemoryParams.surfaceParams.blockLinear.genericMemory	24
610.57.04	sizeof:NvKmsKapiPrivImportMemoryParams.surfaceParams.blockLinear.genericMemory	1
610.57.04	ioctl:DRM_IOCTL_NVIDIA_GET_DEV_INFO	0xc0246443
610.57.04	ioctl:DRM_IOCTL_NVIDIA_GEM_IMPORT_NVKMS_MEMORY	0xc0206441
610.57.04	enum:NvKmsSurfaceMemoryLayoutBlockLinear	0
610.57.04	enum:NvKmsSurfaceMemoryLayoutPitch	1
615.71.09	status	MEASURED
615.71.09	header	kernel-open/nvidia-drm/nv_drm_common_ioctl.h src/nvidia-modeset/kapi/interface/nvkms-kapi-private.h
615.71.09	sizeof:drm_nvidia_get_dev_info_params	36
615.71.09	offsetof:drm_nvidia_get_dev_info_params.gpu_id	0
615.71.09	sizeof:drm_nvidia_get_dev_info_params.gpu_id	4
615.71.09	offsetof:drm_nvidia_get_dev_info_params.mig_device	4
615.71.09	sizeof:drm_nvidia_get_dev_info_params.mig_device	4
615.71.09	offsetof:drm_nvidia_get_dev_info_params.primary_index	8
615.71.09	sizeof:drm_nvidia_get_dev_info_params.primary_index	4
615.71.09	offsetof:drm_nvidia_get_dev_info_params.supports_alloc	12
615.71.09	sizeof:drm_nvidia_get_dev_info_params.supports_alloc	4
615.71.09	offsetof:drm_nvidia_get_dev_info_params.generic_page_kind	16
615.71.09	sizeof:drm_nvidia_get_dev_info_params.generic_page_kind	4
615.71.09	offsetof:drm_nvidia_get_dev_info_params.page_kind_generation	20
615.71.09	sizeof:drm_nvidia_get_dev_info_params.page_kind_generation	4
615.71.09	offsetof:drm_nvidia_get_dev_info_params.sector_layout	24
615.71.09	sizeof:drm_nvidia_get_dev_info_params.sector_layout	4
615.71.09	offsetof:drm_nvidia_get_dev_info_params.supports_sync_fd	28
615.71.09	sizeof:drm_nvidia_get_dev_info_params.supports_sync_fd	4
615.71.09	offsetof:drm_nvidia_get_dev_info_params.supports_semsurf	32
615.71.09	sizeof:drm_nvidia_get_dev_info_params.supports_semsurf	4
615.71.09	sizeof:drm_nvidia_gem_import_nvkms_memory_params	32
615.71.09	offsetof:drm_nvidia_gem_import_nvkms_memory_params.mem_size	0
615.71.09	sizeof:drm_nvidia_gem_import_nvkms_memory_params.mem_size	8
615.71.09	offsetof:drm_nvidia_gem_import_nvkms_memory_params.nvkms_params_ptr	8
615.71.09	sizeof:drm_nvidia_gem_import_nvkms_memory_params.nvkms_params_ptr	8
615.71.09	offsetof:drm_nvidia_gem_import_nvkms_memory_params.nvkms_params_size	16
615.71.09	sizeof:drm_nvidia_gem_import_nvkms_memory_params.nvkms_params_size	8
615.71.09	offsetof:drm_nvidia_gem_import_nvkms_memory_params.handle	24
615.71.09	sizeof:drm_nvidia_gem_import_nvkms_memory_params.handle	4
615.71.09	sizeof:NvKmsKapiPrivImportMemoryParams	28
615.71.09	offsetof:NvKmsKapiPrivImportMemoryParams.memFd	0
615.71.09	sizeof:NvKmsKapiPrivImportMemoryParams.memFd	4
615.71.09	offsetof:NvKmsKapiPrivImportMemoryParams.surfaceParams.layout	4
615.71.09	sizeof:NvKmsKapiPrivImportMemoryParams.surfaceParams.layout	4
615.71.09	offsetof:NvKmsKapiPrivImportMemoryParams.surfaceParams.blockLinear.log2GobsPerBlock.x	8
615.71.09	sizeof:NvKmsKapiPrivImportMemoryParams.surfaceParams.blockLinear.log2GobsPerBlock.x	4
615.71.09	offsetof:NvKmsKapiPrivImportMemoryParams.surfaceParams.blockLinear.log2GobsPerBlock.y	12
615.71.09	sizeof:NvKmsKapiPrivImportMemoryParams.surfaceParams.blockLinear.log2GobsPerBlock.y	4
615.71.09	offsetof:NvKmsKapiPrivImportMemoryParams.surfaceParams.blockLinear.log2GobsPerBlock.z	16
615.71.09	sizeof:NvKmsKapiPrivImportMemoryParams.surfaceParams.blockLinear.log2GobsPerBlock.z	4
615.71.09	offsetof:NvKmsKapiPrivImportMemoryParams.surfaceParams.blockLinear.pitchInBlocks	20
615.71.09	sizeof:NvKmsKapiPrivImportMemoryParams.surfaceParams.blockLinear.pitchInBlocks	4
615.71.09	offsetof:NvKmsKapiPrivImportMemoryParams.surfaceParams.blockLinear.genericMemory	24
615.71.09	sizeof:NvKmsKapiPrivImportMemoryParams.surfaceParams.blockLinear.genericMemory	1
615.71.09	ioctl:DRM_IOCTL_NVIDIA_GET_DEV_INFO	0xc0246443
615.71.09	ioctl:DRM_IOCTL_NVIDIA_GEM_IMPORT_NVKMS_MEMORY	0xc0206441
615.71.09	enum:NvKmsSurfaceMemoryLayoutBlockLinear	0
615.71.09	enum:NvKmsSurfaceMemoryLayoutPitch	1
