RESULT|crates/kayfabe-abi/gen/src/ctype.rs|163|scalar|INTERNAL_CALLER
RESULT|crates/kayfabe-abi/gen/src/ctype.rs|173|scalar_with|INTERNAL_CALLER
RESULT|crates/kayfabe-abi/gen/src/ctype.rs|267|align_up|INTERNAL_CALLER
RESULT|crates/kayfabe-abi/gen/src/ctype.rs|301|lay_out|INTERNAL_CALLER
RESULT|crates/kayfabe-abi/gen/src/ctype.rs|371|lay_out_union|INTERNAL_CALLER
RESULT|crates/kayfabe-abi/gen/src/ctype.rs|404|snake_case|INTERNAL_CALLER
RESULT|crates/kayfabe-abi/gen/src/ctype.rs|436|pascal_case|INTERNAL_CALLER
RESULT|crates/kayfabe-abi/gen/src/emit.rs|20|module|INTERNAL_CALLER
RESULT|crates/kayfabe-abi/gen/src/parse.rs|72|strip_comments|INTERNAL_CALLER
RESULT|crates/kayfabe-abi/gen/src/parse.rs|124|find_aggregates|INTERNAL_CALLER
RESULT|crates/kayfabe-abi/gen/src/parse.rs|228|parse_fields|INTERNAL_CALLER
RESULT|crates/kayfabe-abi/gen/src/parse.rs|395|scan_defines|INTERNAL_CALLER
RESULT|crates/kayfabe-abi/gen/src/parse.rs|472|scan_drf_ranges|INTERNAL_CALLER
RESULT|crates/kayfabe-abi/gen/src/parse.rs|516|scan_macro_list|INTERNAL_CALLER
RESULT|crates/kayfabe-abi/src/businfo.rs|211|from_field|INTERNAL_CALLER
RESULT|crates/kayfabe-abi/src/businfo.rs|285|decode|EXTERNAL_TEST_CALLER
RESULT|crates/kayfabe-abi/src/businfo.rs|395|decode|NO_CALLER_ANYWHERE
RESULT|crates/kayfabe-abi/src/businfo.rs|531|decode_bus_info_pairs|EXTERNAL_TEST_CALLER
RESULT|crates/kayfabe-abi/src/businfo.rs|561|build_request|NO_CALLER_ANYWHERE
RESULT|crates/kayfabe-abi/src/capability.rs|539|all_controls|EXTERNAL_TEST_CALLER
RESULT|crates/kayfabe-abi/src/capability.rs|547|all_classes|NO_CALLER_ANYWHERE
RESULT|crates/kayfabe-abi/src/capability.rs|556|all_denied_controls|NO_CALLER_ANYWHERE
RESULT|crates/kayfabe-abi/src/capability.rs|561|all_denied_classes|NO_CALLER_ANYWHERE
RESULT|crates/kayfabe-abi/src/cecaps.rs|358|caps_for|INTERNAL_CALLER
RESULT|crates/kayfabe-abi/src/cecaps.rs|631|decode_ce_get_all_physical_caps|EXTERNAL_TEST_CALLER
RESULT|crates/kayfabe-abi/src/cepce.rs|250|decode_ce_pce_mask|NO_CALLER_ANYWHERE
RESULT|crates/kayfabe-abi/src/chipinfo.rs|272|packed_device_id|INTERNAL_CALLER
RESULT|crates/kayfabe-abi/src/chipinfo.rs|279|packed_sub_device_id|INTERNAL_CALLER
RESULT|crates/kayfabe-abi/src/deviceinfo.rs|361|pri_base_for|INTERNAL_CALLER
RESULT|crates/kayfabe-abi/src/eventnotify.rs|527|is_empty|EXTERNAL_TEST_CALLER
RESULT|crates/kayfabe-abi/src/falconinfo.rs|250|count|INTERNAL_CALLER
RESULT|crates/kayfabe-abi/src/faultbuffer.rs|203|pages_for|INTERNAL_CALLER
RESULT|crates/kayfabe-abi/src/faultbuffer.rs|388|pages_for|INTERNAL_CALLER
RESULT|crates/kayfabe-abi/src/faultbuffer.rs|411|type_is_known|EXTERNAL_TEST_CALLER
RESULT|crates/kayfabe-abi/src/faultbuffer.rs|531|pages_for|INTERNAL_CALLER
RESULT|crates/kayfabe-abi/src/fbinfo.rs|295|bus_width_bits|INTERNAL_CALLER
RESULT|crates/kayfabe-abi/src/fbinfo.rs|308|fbp_count|INTERNAL_CALLER
RESULT|crates/kayfabe-abi/src/fbinfo.rs|327|l2_cache_size_u32|INTERNAL_CALLER
RESULT|crates/kayfabe-abi/src/fbinfo.rs|344|ram_type_checked|INTERNAL_CALLER
RESULT|crates/kayfabe-abi/src/fbinfo.rs|383|fbp_mask|INTERNAL_CALLER
RESULT|crates/kayfabe-abi/src/fbinfo.rs|399|ltc_count_checked|INTERNAL_CALLER
RESULT|crates/kayfabe-abi/src/fbinfo.rs|420|lts_count|INTERNAL_CALLER
RESULT|crates/kayfabe-abi/src/fbinfo.rs|637|decode_fb_info_pairs|EXTERNAL_TEST_CALLER
RESULT|crates/kayfabe-abi/src/fbinfo.rs|667|build_request|NO_CALLER_ANYWHERE
RESULT|crates/kayfabe-abi/src/fmbpromote.rs|189|is_destroy|INTERNAL_CALLER
RESULT|crates/kayfabe-abi/src/fmbpromote.rs|209|len|NO_CALLER_ANYWHERE
RESULT|crates/kayfabe-abi/src/fmbpromote.rs|218|is_empty|NO_CALLER_ANYWHERE
RESULT|crates/kayfabe-abi/src/fmbsize.rs|160|decode_fault_method_buffer_size|EXTERNAL_TEST_CALLER
RESULT|crates/kayfabe-abi/src/generated/classes.rs|486|decode|EXTERNAL_TEST_CALLER
RESULT|crates/kayfabe-abi/src/generated/classes.rs|519|encode_into|EXTERNAL_TEST_CALLER
RESULT|crates/kayfabe-abi/src/generated/classes.rs|728|decode|INTERNAL_CALLER
RESULT|crates/kayfabe-abi/src/generated/classes.rs|986|decode|INTERNAL_CALLER
RESULT|crates/kayfabe-abi/src/generated/classes.rs|1176|decode|INTERNAL_CALLER
RESULT|crates/kayfabe-abi/src/generated/classes.rs|1202|encode_into|NO_CALLER_ANYWHERE
RESULT|crates/kayfabe-abi/src/generated/ctrl.rs|222|encode_into|EXTERNAL_TEST_CALLER
RESULT|crates/kayfabe-abi/src/generated/ctrl.rs|451|decode|INTERNAL_CALLER
RESULT|crates/kayfabe-abi/src/generated/ctrl.rs|481|encode_into|NO_CALLER_ANYWHERE
RESULT|crates/kayfabe-abi/src/generated/nvos.rs|1435|decode|INTERNAL_CALLER
RESULT|crates/kayfabe-abi/src/generated/nvos.rs|1465|encode_into|EXTERNAL_TEST_CALLER
RESULT|crates/kayfabe-abi/src/generated/nvos.rs|1700|decode|INTERNAL_CALLER
RESULT|crates/kayfabe-abi/src/generated/nvos.rs|1732|encode_into|EXTERNAL_TEST_CALLER
RESULT|crates/kayfabe-abi/src/generated/rpc.rs|298|decode|INTERNAL_CALLER
RESULT|crates/kayfabe-abi/src/generated/rpc.rs|329|encode_into|EXTERNAL_TEST_CALLER
RESULT|crates/kayfabe-abi/src/generated/rpc.rs|564|decode|EXTERNAL_TEST_CALLER
RESULT|crates/kayfabe-abi/src/generated/rpc.rs|595|encode_into|INTERNAL_CALLER
RESULT|crates/kayfabe-abi/src/generated/rpc.rs|881|decode|NO_CALLER_ANYWHERE
RESULT|crates/kayfabe-abi/src/generated/rpc.rs|916|encode_into|NO_CALLER_ANYWHERE
RESULT|crates/kayfabe-abi/src/generated/vbios.rs|425|decode|NO_CALLER_ANYWHERE
RESULT|crates/kayfabe-abi/src/generated/vbios.rs|452|encode_into|INTERNAL_CALLER
RESULT|crates/kayfabe-abi/src/generated/vbios.rs|585|decode|NO_CALLER_ANYWHERE
RESULT|crates/kayfabe-abi/src/generated/vbios.rs|610|encode_into|INTERNAL_CALLER
RESULT|crates/kayfabe-abi/src/generated/vbios.rs|911|decode|EXTERNAL_TEST_CALLER
RESULT|crates/kayfabe-abi/src/generated/vbios.rs|951|encode_into|INTERNAL_CALLER
RESULT|crates/kayfabe-abi/src/generated/vbios.rs|1296|decode|NO_CALLER_ANYWHERE
RESULT|crates/kayfabe-abi/src/generated/vbios.rs|1324|encode_into|NO_CALLER_ANYWHERE
RESULT|crates/kayfabe-abi/src/generated/vbios.rs|1496|decode|NO_CALLER_ANYWHERE
RESULT|crates/kayfabe-abi/src/generated/vbios.rs|1524|encode_into|NO_CALLER_ANYWHERE
RESULT|crates/kayfabe-abi/src/gpuatomics.rs|232|decode_gpu_atomics|EXTERNAL_TEST_CALLER
RESULT|crates/kayfabe-abi/src/gpuinfo.rs|324|decode_gpu_info_pairs|NO_CALLER_ANYWHERE
RESULT|crates/kayfabe-abi/src/gpuinfo.rs|354|build_request|NO_CALLER_ANYWHERE
RESULT|crates/kayfabe-abi/src/grfsinfo.rs|175|physical_gpc|INTERNAL_CALLER
RESULT|crates/kayfabe-abi/src/grfsinfo.rs|234|answer|INTERNAL_CALLER
RESULT|crates/kayfabe-abi/src/grfsinfo.rs|401|build_request|EXTERNAL_TEST_CALLER
RESULT|crates/kayfabe-abi/src/grfsinfo.rs|420|decode_answers|EXTERNAL_TEST_CALLER
RESULT|crates/kayfabe-abi/src/grinfo.rs|210|validate|INTERNAL_CALLER
RESULT|crates/kayfabe-abi/src/grstatic.rs|515|num_sm|INTERNAL_CALLER
RESULT|crates/kayfabe-abi/src/grstatic.rs|528|validate|INTERNAL_CALLER
RESULT|crates/kayfabe-abi/src/gspfeatures.rs|315|as_str|INTERNAL_CALLER
RESULT|crates/kayfabe-abi/src/gspfeatures.rs|414|decode_gsp_get_features|EXTERNAL_TEST_CALLER
RESULT|crates/kayfabe-abi/src/gsslegacy.rs|206|params_size|INTERNAL_CALLER
RESULT|crates/kayfabe-abi/src/guest_os.rs|230|from_config_name|NO_CALLER_ANYWHERE
RESULT|crates/kayfabe-abi/src/host_driver.rs|140|parse|INTERNAL_CALLER
RESULT|crates/kayfabe-abi/src/host_driver.rs|167|is_encoded_for|INTERNAL_CALLER
RESULT|crates/kayfabe-abi/src/l2evict.rs|280|writes_back|NO_CALLER_ANYWHERE
RESULT|crates/kayfabe-abi/src/l2evict.rs|286|waits_for_fb_pull|NO_CALLER_ANYWHERE
RESULT|crates/kayfabe-abi/src/notifier.rs|243|decode|INTERNAL_CALLER
RESULT|crates/kayfabe-abi/src/notifier.rs|357|decode|INTERNAL_CALLER
RESULT|crates/kayfabe-abi/src/oracle.rs|490|truncated_row|EXTERNAL_TEST_CALLER
RESULT|crates/kayfabe-abi/src/oracle.rs|652|capture_reliance|EXTERNAL_TEST_CALLER
RESULT|crates/kayfabe-abi/src/oracle.rs|790|empty_capture_row|EXTERNAL_TEST_CALLER
RESULT|crates/kayfabe-abi/src/rc.rs|167|encode_into|INTERNAL_CALLER
RESULT|crates/kayfabe-abi/src/regaccessmap.rs|284|publishes_map|INTERNAL_CALLER
RESULT|crates/kayfabe-abi/src/smcmode.rs|164|decode_smc_mode|EXTERNAL_TEST_CALLER
RESULT|crates/kayfabe-abi/src/submit.rs|613|is_modelled|INTERNAL_CALLER
RESULT|crates/kayfabe-abi/src/submit.rs|902|encode_into|INTERNAL_CALLER
RESULT|crates/kayfabe-abi/src/submit.rs|2457|encode_into|INTERNAL_CALLER
RESULT|crates/kayfabe-abi/src/submit.rs|2698|encode_into|INTERNAL_CALLER
RESULT|crates/kayfabe-abi/src/transcribed.rs|228|decode|INTERNAL_CALLER
RESULT|crates/kayfabe-abi/src/transcribed.rs|255|encode_into|EXTERNAL_TEST_CALLER
RESULT|crates/kayfabe-abi/src/transcribed.rs|510|decode|INTERNAL_CALLER
RESULT|crates/kayfabe-abi/src/versions.rs|583|vbios_wire|NO_CALLER_ANYWHERE
RESULT|crates/kayfabe-abi/src/versions.rs|620|gsp_element_size_min|INTERNAL_CALLER
RESULT|crates/kayfabe-abi/src/versions.rs|635|map_dma_wire|EXTERNAL_TEST_CALLER
RESULT|crates/kayfabe-abi/src/versions.rs|642|map_dma_size|EXTERNAL_TEST_CALLER
RESULT|crates/kayfabe-abi/src/versions.rs|655|map_dma_status_offset|NO_CALLER_ANYWHERE
RESULT|crates/kayfabe-abi/src/versions.rs|681|decode_alloc_v1|INTERNAL_CALLER
RESULT|crates/kayfabe-abi/src/versions.rs|702|decode_alloc_v2|INTERNAL_CALLER
RESULT|crates/kayfabe-abi/src/versions.rs|729|decode_alloc|EXTERNAL_TEST_CALLER
RESULT|crates/kayfabe-abi/src/versions.rs|744|decode_control|EXTERNAL_TEST_CALLER
RESULT|crates/kayfabe-abi/src/versions.rs|780|decode_map_memory_dma|EXTERNAL_TEST_CALLER
RESULT|crates/kayfabe-abi/src/versions.rs|825|write_map_memory_dma_result|EXTERNAL_TEST_CALLER
RESULT|crates/kayfabe-abi/src/versions.rs|872|decode_unmap_memory_dma|EXTERNAL_TEST_CALLER
RESULT|crates/kayfabe-abi/src/versions.rs|1490|is_client_root_class|INTERNAL_CALLER
RESULT|crates/kayfabe-abi/src/versions.rs|1530|rpc_payload|EXTERNAL_TEST_CALLER
RESULT|crates/kayfabe-abi/src/view.rs|508|is_sysmem|EXTERNAL_TEST_CALLER
RESULT|crates/kayfabe-abi/src/view.rs|711|classify_promote_entry|INTERNAL_CALLER
RESULT|crates/kayfabe-abi/src/view.rs|813|len|INTERNAL_CALLER
RESULT|crates/kayfabe-abi/src/view.rs|822|is_empty|EXTERNAL_TEST_CALLER
RESULT|crates/kayfabe-abi/src/wire.rs|250|offset_of|EXTERNAL_TEST_CALLER
RESULT|crates/kayfabe-arch/src/gsp.rs|378|kind|EXTERNAL_TEST_CALLER
RESULT|crates/kayfabe-arch/src/gsp.rs|468|len|NO_CALLER_ANYWHERE
RESULT|crates/kayfabe-arch/src/gsp.rs|474|is_empty|EXTERNAL_TEST_CALLER
RESULT|crates/kayfabe-arch/src/gsp.rs|479|iter|EXTERNAL_TEST_CALLER
RESULT|crates/kayfabe-arch/src/gsp.rs|610|window_len|NO_CALLER_ANYWHERE
RESULT|crates/kayfabe-arch/src/lib.rs|333|name|EXTERNAL_TEST_CALLER
RESULT|crates/kayfabe-arch/src/lib.rs|1359|reset|NO_CALLER_ANYWHERE
RESULT|crates/kayfabe-chips/src/ad10x.rs|153|new|INTERNAL_CALLER
RESULT|crates/kayfabe-chips/src/ad10x.rs|162|at|EXTERNAL_TEST_CALLER
RESULT|crates/kayfabe-chips/src/ad10x.rs|339|new|INTERNAL_CALLER
RESULT|crates/kayfabe-chips/src/ga10x.rs|419|decode_userd_index_chid|INTERNAL_CALLER
RESULT|crates/kayfabe-chips/src/ga10x.rs|470|decode_work_submit_token|INTERNAL_CALLER
RESULT|crates/kayfabe-chips/src/ga10x.rs|525|encode_work_submit_token|EXTERNAL_TEST_CALLER
RESULT|crates/kayfabe-chips/src/gh100.rs|358|new|INTERNAL_CALLER
RESULT|crates/kayfabe-chips/src/gh100.rs|515|new|INTERNAL_CALLER
RESULT|crates/kayfabe-chips/src/gh100.rs|524|at|EXTERNAL_TEST_CALLER
RESULT|crates/kayfabe-chips/src/gh100.rs|721|new|INTERNAL_CALLER
RESULT|crates/kayfabe-completion/src/lib.rs|139|outstanding_len|INTERNAL_CALLER
RESULT|crates/kayfabe-completion/src/lib.rs|145|has_outstanding|INTERNAL_CALLER
RESULT|crates/kayfabe-completion/src/lib.rs|151|compose_into|INTERNAL_CALLER
RESULT|crates/kayfabe-completion/src/lib.rs|158|drained|INTERNAL_CALLER
RESULT|crates/kayfabe-completion/src/lib.rs|171|ack|EXTERNAL_TEST_CALLER
RESULT|crates/kayfabe-completion/src/lib.rs|179|take_unacked|INTERNAL_CALLER
RESULT|crates/kayfabe-completion/src/lib.rs|230|armed_len|EXTERNAL_TEST_CALLER
RESULT|crates/kayfabe-completion/src/lib.rs|345|batch_outstanding|NO_CALLER_ANYWHERE
RESULT|crates/kayfabe-core/src/fault.rs|111|attribution_note|NO_CALLER_ANYWHERE
RESULT|crates/kayfabe-core/src/fault.rs|277|verdict|EXTERNAL_TEST_CALLER
RESULT|crates/kayfabe-core/src/gpa.rs|79|owned_by|INTERNAL_CALLER
RESULT|crates/kayfabe-core/src/gpa.rs|86|owner|NO_CALLER_ANYWHERE
RESULT|crates/kayfabe-core/src/gpa.rs|94|carve|INTERNAL_CALLER
RESULT|crates/kayfabe-core/src/gpa.rs|134|window|INTERNAL_CALLER
RESULT|crates/kayfabe-core/src/gpa.rs|140|arena_len|INTERNAL_CALLER
RESULT|crates/kayfabe-core/src/gpa.rs|204|release|INTERNAL_CALLER
RESULT|crates/kayfabe-core/src/gpa.rs|261|arena|NO_CALLER_ANYWHERE
RESULT|crates/kayfabe-core/src/gpa.rs|316|owner|INTERNAL_CALLER
RESULT|crates/kayfabe-core/src/gpa.rs|322|id|NO_CALLER_ANYWHERE
RESULT|crates/kayfabe-core/src/gpa.rs|444|live_bytes|EXTERNAL_TEST_CALLER
RESULT|crates/kayfabe-core/src/gpa.rs|458|is_untouched|INTERNAL_CALLER
RESULT|crates/kayfabe-core/src/gpu.rs|311|promote_orphans|INTERNAL_CALLER
RESULT|crates/kayfabe-core/src/gpu.rs|1273|new|INTERNAL_CALLER
RESULT|crates/kayfabe-core/src/gpu.rs|1285|len|EXTERNAL_TEST_CALLER
RESULT|crates/kayfabe-core/src/gpu.rs|1431|client_values|INTERNAL_CALLER
RESULT|crates/kayfabe-core/src/gpu.rs|1550|pending_release_len|EXTERNAL_TEST_CALLER
RESULT|crates/kayfabe-core/src/gpu.rs|1582|is_quiesced|INTERNAL_CALLER
RESULT|crates/kayfabe-core/src/gpu.rs|1628|vacate|INTERNAL_CALLER
RESULT|crates/kayfabe-core/src/gpu.rs|1654|retire|INTERNAL_CALLER
RESULT|crates/kayfabe-core/src/gpu.rs|1822|is_empty|NO_CALLER_ANYWHERE
RESULT|crates/kayfabe-core/src/gpu.rs|1831|deferred|EXTERNAL_TEST_CALLER
RESULT|crates/kayfabe-core/src/gpu.rs|1842|orphaned|EXTERNAL_TEST_CALLER
RESULT|crates/kayfabe-core/src/gpu.rs|4162|is_condemned|EXTERNAL_TEST_CALLER
RESULT|crates/kayfabe-core/src/gpu.rs|4200|condemned_len|EXTERNAL_TEST_CALLER
RESULT|crates/kayfabe-core/src/gpu.rs|4514|realize|INTERNAL_CALLER
RESULT|crates/kayfabe-core/src/gpu.rs|4598|apply|EXTERNAL_TEST_CALLER
RESULT|crates/kayfabe-core/src/gpu.rs|4680|promote_ctx|EXTERNAL_TEST_CALLER
RESULT|crates/kayfabe-core/src/gpu.rs|4781|schedule_channel|EXTERNAL_TEST_CALLER
RESULT|crates/kayfabe-core/src/gpu.rs|4830|schedule_group|EXTERNAL_TEST_CALLER
RESULT|crates/kayfabe-core/src/gpu.rs|4862|set_ctxsw_preemption_mode|EXTERNAL_TEST_CALLER
RESULT|crates/kayfabe-core/src/gpu.rs|4881|bind_channel|EXTERNAL_TEST_CALLER
RESULT|crates/kayfabe-core/src/gpu.rs|4905|reap_retired|EXTERNAL_TEST_CALLER
RESULT|crates/kayfabe-core/src/gpu.rs|4912|retire_proc|EXTERNAL_TEST_CALLER
RESULT|crates/kayfabe-core/src/gpu.rs|4919|retired_len|EXTERNAL_TEST_CALLER
RESULT|crates/kayfabe-core/src/gpu.rs|4936|completions_drained|EXTERNAL_TEST_CALLER
RESULT|crates/kayfabe-core/src/gpu.rs|4984|of|INTERNAL_CALLER
RESULT|crates/kayfabe-core/src/project.rs|285|client_values|EXTERNAL_TEST_CALLER
RESULT|crates/kayfabe-core/src/project.rs|900|project|INTERNAL_CALLER
RESULT|crates/kayfabe-core/src/reactor.rs|175|owner|EXTERNAL_TEST_CALLER
RESULT|crates/kayfabe-core/src/reactor.rs|189|belongs_to|INTERNAL_CALLER
RESULT|crates/kayfabe-core/src/reactor.rs|338|new|INTERNAL_CALLER
RESULT|crates/kayfabe-core/src/reactor.rs|363|deregister|NO_CALLER_ANYWHERE
RESULT|crates/kayfabe-core/src/reactor.rs|381|deregister_proc|INTERNAL_CALLER
RESULT|crates/kayfabe-core/src/reactor.rs|388|kind|INTERNAL_CALLER
RESULT|crates/kayfabe-core/src/reactor.rs|409|iter|EXTERNAL_TEST_CALLER
RESULT|crates/kayfabe-core/src/reactor.rs|415|len|EXTERNAL_TEST_CALLER
RESULT|crates/kayfabe-core/src/reactor.rs|421|is_empty|EXTERNAL_TEST_CALLER
RESULT|crates/kayfabe-core/src/rmgraph.rs|153|first|INTERNAL_CALLER
RESULT|crates/kayfabe-core/src/rmgraph.rs|268|first|INTERNAL_CALLER
RESULT|crates/kayfabe-core/src/rmgraph.rs|279|last_for|INTERNAL_CALLER
RESULT|crates/kayfabe-core/src/rmgraph.rs|1022|new|INTERNAL_CALLER
RESULT|crates/kayfabe-core/src/rmgraph.rs|1060|entitle|INTERNAL_CALLER
RESULT|crates/kayfabe-core/src/rmgraph.rs|1176|client_kinds|INTERNAL_CALLER
RESULT|crates/kayfabe-core/src/rmgraph.rs|1285|client_declarations|INTERNAL_CALLER
RESULT|crates/kayfabe-core/src/rmgraph.rs|1298|nodes_with_owner|INTERNAL_CALLER
RESULT|crates/kayfabe-core/src/rmgraph.rs|1310|owner_key_of|INTERNAL_CALLER
RESULT|crates/kayfabe-core/src/rmgraph.rs|1449|apply|INTERNAL_CALLER
RESULT|crates/kayfabe-core/src/rmgraph.rs|2305|origin_of|INTERNAL_CALLER
RESULT|crates/kayfabe-core/src/rmgraph.rs|2345|origin_of_kind|INTERNAL_CALLER
RESULT|crates/kayfabe-core/src/rmgraph.rs|2380|references|EXTERNAL_TEST_CALLER
RESULT|crates/kayfabe-core/src/rmgraph.rs|2388|references_of|EXTERNAL_TEST_CALLER
RESULT|crates/kayfabe-core/src/rmgraph.rs|2405|pdb_of|EXTERNAL_TEST_CALLER
RESULT|crates/kayfabe-core/src/rmgraph.rs|2474|device_default_vas|INTERNAL_CALLER
RESULT|crates/kayfabe-core/src/rmgraph.rs|2486|mappings|INTERNAL_CALLER
RESULT|crates/kayfabe-core/src/rmgraph.rs|2504|backing_of|INTERNAL_CALLER
RESULT|crates/kayfabe-core/src/rmgraph.rs|2519|map_ref_count|EXTERNAL_TEST_CALLER
RESULT|crates/kayfabe-core/src/rmgraph.rs|2526|map_ref_count_of|EXTERNAL_TEST_CALLER
RESULT|crates/kayfabe-core/src/rmgraph.rs|2533|events_of|EXTERNAL_TEST_CALLER
RESULT|crates/kayfabe-core/src/rmgraph.rs|2543|dups|INTERNAL_CALLER
RESULT|crates/kayfabe-core/src/rmgraph.rs|2583|gpu_of|EXTERNAL_TEST_CALLER
RESULT|crates/kayfabe-crec/src/format.rs|68|from_wire|INTERNAL_CALLER
RESULT|crates/kayfabe-crec/src/format.rs|84|name|INTERNAL_CALLER
RESULT|crates/kayfabe-crec/src/format.rs|125|to_event|INTERNAL_CALLER
RESULT|crates/kayfabe-crec/src/format.rs|205|hermetic|EXTERNAL_TEST_CALLER
RESULT|crates/kayfabe-crec/src/format.rs|212|rom_overlay|EXTERNAL_TEST_CALLER
RESULT|crates/kayfabe-crec/src/format.rs|293|parse|INTERNAL_CALLER
RESULT|crates/kayfabe-crec/src/format.rs|383|header|EXTERNAL_TEST_CALLER
RESULT|crates/kayfabe-crec/src/format.rs|389|records|INTERNAL_CALLER
RESULT|crates/kayfabe-crec/src/format.rs|397|closed_cleanly|EXTERNAL_TEST_CALLER
RESULT|crates/kayfabe-crec/src/format.rs|404|census|EXTERNAL_TEST_CALLER
RESULT|crates/kayfabe-crec/src/format.rs|427|to_records|EXTERNAL_TEST_CALLER
RESULT|crates/kayfabe-crec/src/format.rs|444|has_overlay|EXTERNAL_TEST_CALLER
RESULT|crates/kayfabe-crec/src/ga10x.rs|49|new|INTERNAL_CALLER
RESULT|crates/kayfabe-crec/src/ledger.rs|38|id|INTERNAL_CALLER
RESULT|crates/kayfabe-crec/src/ledger.rs|174|by_id|EXTERNAL_TEST_CALLER
RESULT|crates/kayfabe-crec/src/ledger.rs|189|unexplained|EXTERNAL_TEST_CALLER
RESULT|crates/kayfabe-crec/src/ledger.rs|199|beyond_closure|EXTERNAL_TEST_CALLER
RESULT|crates/kayfabe-crec/src/lib.rs|132|bench_abi|INTERNAL_CALLER
RESULT|crates/kayfabe-crec/src/lib.rs|194|served_policy|EXTERNAL_TEST_CALLER
RESULT|crates/kayfabe-crec/src/lib.rs|231|cap1_path|INTERNAL_CALLER
RESULT|crates/kayfabe-crec/src/lib.rs|244|load_cap1|EXTERNAL_TEST_CALLER
RESULT|crates/kayfabe-crec/src/lib.rs|269|cap1b_path|INTERNAL_CALLER
RESULT|crates/kayfabe-crec/src/lib.rs|282|load_cap1b|EXTERNAL_TEST_CALLER
RESULT|crates/kayfabe-crec/src/oracle.rs|170|new|INTERNAL_CALLER
RESULT|crates/kayfabe-crec/src/oracle.rs|193|reconstruct|INTERNAL_CALLER
RESULT|crates/kayfabe-crec/src/oracle.rs|201|reconstructions|INTERNAL_CALLER
RESULT|crates/kayfabe-crec/src/oracle.rs|207|bind_pointers|INTERNAL_CALLER
RESULT|crates/kayfabe-crec/src/oracle.rs|213|observe|INTERNAL_CALLER
RESULT|crates/kayfabe-crec/src/oracle.rs|219|seek|INTERNAL_CALLER
RESULT|crates/kayfabe-crec/src/oracle.rs|226|max_lookahead|INTERNAL_CALLER
RESULT|crates/kayfabe-crec/src/oracle.rs|232|answer_census|INTERNAL_CALLER
RESULT|crates/kayfabe-crec/src/replay.rs|100|census|EXTERNAL_TEST_CALLER
RESULT|crates/kayfabe-crec/src/replay.rs|241|new|EXTERNAL_TEST_CALLER
RESULT|crates/kayfabe-crec/src/replay.rs|259|with_policy|EXTERNAL_TEST_CALLER
RESULT|crates/kayfabe-crec/src/replay.rs|265|run|EXTERNAL_TEST_CALLER
RESULT|crates/kayfabe-device/src/bar2.rs|152|new|INTERNAL_CALLER
RESULT|crates/kayfabe-device/src/bar2.rs|158|pdes|INTERNAL_CALLER
RESULT|crates/kayfabe-device/src/bar2.rs|169|updates|INTERNAL_CALLER
RESULT|crates/kayfabe-device/src/bar2.rs|175|refusals|INTERNAL_CALLER
RESULT|crates/kayfabe-device/src/bar2.rs|180|publish|INTERNAL_CALLER
RESULT|crates/kayfabe-device/src/bar2.rs|194|refuse|INTERNAL_CALLER
RESULT|crates/kayfabe-device/src/bar2.rs|205|device_reset|INTERNAL_CALLER
RESULT|crates/kayfabe-device/src/bar2.rs|235|why|NO_CALLER_ANYWHERE
RESULT|crates/kayfabe-device/src/bar2.rs|256|decode_update_bar_pde|INTERNAL_CALLER
RESULT|crates/kayfabe-device/src/bar2.rs|288|new|INTERNAL_CALLER
RESULT|crates/kayfabe-device/src/bar2.rs|294|driver|NO_CALLER_ANYWHERE
RESULT|crates/kayfabe-device/src/census.rs|243|set_probe_arm|INTERNAL_CALLER
RESULT|crates/kayfabe-device/src/census.rs|249|note_served|INTERNAL_CALLER
RESULT|crates/kayfabe-device/src/census.rs|271|note_arming|INTERNAL_CALLER
RESULT|crates/kayfabe-device/src/census.rs|291|note_bind|INTERNAL_CALLER
RESULT|crates/kayfabe-device/src/census.rs|311|snapshot|INTERNAL_CALLER
RESULT|crates/kayfabe-device/src/census.rs|343|new|INTERNAL_CALLER
RESULT|crates/kayfabe-device/src/ceresolve.rs|161|trigger|INTERNAL_CALLER
RESULT|crates/kayfabe-device/src/ceresolve.rs|251|published_root|INTERNAL_CALLER
RESULT|crates/kayfabe-device/src/ceresolve.rs|321|root_from_declared_pdb|INTERNAL_CALLER
RESULT|crates/kayfabe-device/src/ceresolve.rs|410|place|EXTERNAL_TEST_CALLER
RESULT|crates/kayfabe-device/src/ceresolve.rs|519|resolve|INTERNAL_CALLER
RESULT|crates/kayfabe-device/src/ceresolve.rs|689|walk_trace|INTERNAL_CALLER
RESULT|crates/kayfabe-device/src/cpuintr.rs|208|decode|INTERNAL_CALLER
RESULT|crates/kayfabe-device/src/cpuintr.rs|306|read|INTERNAL_CALLER
RESULT|crates/kayfabe-device/src/cpuintr.rs|323|write|INTERNAL_CALLER
RESULT|crates/kayfabe-device/src/cpuintr.rs|388|latch|INTERNAL_CALLER
RESULT|crates/kayfabe-device/src/cpuintr.rs|446|any_pending|NO_CALLER_ANYWHERE
RESULT|crates/kayfabe-device/src/doorbell.rs|153|is_served|EXTERNAL_TEST_CALLER
RESULT|crates/kayfabe-device/src/doorbell.rs|162|refusal|EXTERNAL_TEST_CALLER
RESULT|crates/kayfabe-device/src/doorbell.rs|171|token|EXTERNAL_TEST_CALLER
RESULT|crates/kayfabe-device/src/faultbuffer.rs|125|new|INTERNAL_CALLER
RESULT|crates/kayfabe-device/src/faultbuffer.rs|137|total|INTERNAL_CALLER
RESULT|crates/kayfabe-device/src/faultbuffer.rs|146|shadow_total|INTERNAL_CALLER
RESULT|crates/kayfabe-device/src/faultbuffer.rs|152|access_cntr_total|INTERNAL_CALLER
RESULT|crates/kayfabe-device/src/faultbuffer.rs|158|sample|INTERNAL_CALLER
RESULT|crates/kayfabe-device/src/faultbuffer.rs|169|note|INTERNAL_CALLER
RESULT|crates/kayfabe-device/src/faultbuffer.rs|204|new|INTERNAL_CALLER
RESULT|crates/kayfabe-device/src/fbwin.rs|132|new|INTERNAL_CALLER
RESULT|crates/kayfabe-device/src/fbwin.rs|139|raw|INTERNAL_CALLER
RESULT|crates/kayfabe-device/src/fbwin.rs|144|set_raw|INTERNAL_CALLER
RESULT|crates/kayfabe-device/src/fbwin.rs|150|base|INTERNAL_CALLER
RESULT|crates/kayfabe-device/src/fbwin.rs|156|target|EXTERNAL_TEST_CALLER
RESULT|crates/kayfabe-device/src/fbwin.rs|177|fb_addr|INTERNAL_CALLER
RESULT|crates/kayfabe-device/src/fbwin.rs|441|tags|NO_CALLER_ANYWHERE
RESULT|crates/kayfabe-device/src/fbwin.rs|592|with_cap|INTERNAL_CALLER
RESULT|crates/kayfabe-device/src/fbwin.rs|604|limit|NO_CALLER_ANYWHERE
RESULT|crates/kayfabe-device/src/fbwin.rs|610|resident_pages|EXTERNAL_TEST_CALLER
RESULT|crates/kayfabe-device/src/ga10x.rs|287|at|EXTERNAL_TEST_CALLER
RESULT|crates/kayfabe-device/src/guestsysinfo.rs|73|new|INTERNAL_CALLER
RESULT|crates/kayfabe-device/src/guestsysinfo.rs|88|agreed_version|INTERNAL_CALLER
RESULT|crates/kayfabe-device/src/gvaspub.rs|262|new|INTERNAL_CALLER
RESULT|crates/kayfabe-device/src/gvaspub.rs|269|note|INTERNAL_CALLER
RESULT|crates/kayfabe-device/src/gvaspub.rs|315|note_undecodable|INTERNAL_CALLER
RESULT|crates/kayfabe-device/src/gvaspub.rs|322|snapshot|INTERNAL_CALLER
RESULT|crates/kayfabe-device/src/gvaspub.rs|342|device_reset|INTERNAL_CALLER
RESULT|crates/kayfabe-device/src/gvaspub.rs|355|is_pde_publication|INTERNAL_CALLER
RESULT|crates/kayfabe-device/src/gvaspub.rs|374|new|INTERNAL_CALLER
RESULT|crates/kayfabe-device/src/gvaspub.rs|380|driver|NO_CALLER_ANYWHERE
RESULT|crates/kayfabe-device/src/inert.rs|107|new|INTERNAL_CALLER
RESULT|crates/kayfabe-device/src/inert.rs|116|is_inert|INTERNAL_CALLER
RESULT|crates/kayfabe-device/src/inittables.rs|168|is_gss_legacy|INTERNAL_CALLER
RESULT|crates/kayfabe-device/src/inittables.rs|1112|cmd_id|INTERNAL_CALLER
RESULT|crates/kayfabe-device/src/inittables.rs|1196|params_size|INTERNAL_CALLER
RESULT|crates/kayfabe-device/src/inittables.rs|1272|from_cmd|INTERNAL_CALLER
RESULT|crates/kayfabe-device/src/inittables.rs|1284|new|EXTERNAL_TEST_CALLER
RESULT|crates/kayfabe-device/src/inittables.rs|1292|with_probe_arm|INTERNAL_CALLER
RESULT|crates/kayfabe-device/src/inittables.rs|1317|guest_firmware|EXTERNAL_TEST_CALLER
RESULT|crates/kayfabe-device/src/inittables.rs|1323|wanted|EXTERNAL_TEST_CALLER
RESULT|crates/kayfabe-device/src/lib.rs|187|contains|INTERNAL_CALLER
RESULT|crates/kayfabe-device/src/lib.rs|212|contains|INTERNAL_CALLER
RESULT|crates/kayfabe-device/src/lib.rs|616|pci_bar_len|INTERNAL_CALLER
RESULT|crates/kayfabe-device/src/lib.rs|630|fb_window|INTERNAL_CALLER
RESULT|crates/kayfabe-device/src/lib.rs|928|rom_for|INTERNAL_CALLER
RESULT|crates/kayfabe-device/src/lib.rs|1099|served_chain|INTERNAL_CALLER
RESULT|crates/kayfabe-device/src/nonstall.rs|116|non_stall_vector|INTERNAL_CALLER
RESULT|crates/kayfabe-device/src/nonstall.rs|192|gsp_stall_vector|INTERNAL_CALLER
RESULT|crates/kayfabe-device/src/osevent.rs|115|post|INTERNAL_CALLER
RESULT|crates/kayfabe-device/src/osevent.rs|144|new|INTERNAL_CALLER
RESULT|crates/kayfabe-device/src/osevent.rs|155|register|INTERNAL_CALLER
RESULT|crates/kayfabe-device/src/osevent.rs|191|retire|INTERNAL_CALLER
RESULT|crates/kayfabe-device/src/osevent.rs|212|batch|INTERNAL_CALLER
RESULT|crates/kayfabe-device/src/osevent.rs|296|note|INTERNAL_CALLER
RESULT|crates/kayfabe-device/src/osevent.rs|351|note_join|INTERNAL_CALLER
RESULT|crates/kayfabe-device/src/osevent.rs|422|new|INTERNAL_CALLER
RESULT|crates/kayfabe-device/src/plane.rs|256|new|EXTERNAL_TEST_CALLER
RESULT|crates/kayfabe-device/src/plane.rs|903|nothing|INTERNAL_CALLER
RESULT|crates/kayfabe-device/src/plane.rs|1332|root|NO_CALLER_ANYWHERE
RESULT|crates/kayfabe-device/src/plane.rs|1354|fb_len|NO_CALLER_ANYWHERE
RESULT|crates/kayfabe-device/src/plane.rs|1413|new|EXTERNAL_TEST_CALLER
RESULT|crates/kayfabe-device/src/plane.rs|1531|rom|EXTERNAL_TEST_CALLER
RESULT|crates/kayfabe-device/src/plane.rs|1705|state_guard_for_test|EXTERNAL_TEST_CALLER
RESULT|crates/kayfabe-device/src/plane.rs|1721|doorbell_reg|INTERNAL_CALLER
RESULT|crates/kayfabe-device/src/plane.rs|1755|bar_pde_log|EXTERNAL_TEST_CALLER
RESULT|crates/kayfabe-device/src/plane.rs|1784|set_page_dir_log|NO_CALLER_ANYWHERE
RESULT|crates/kayfabe-device/src/plane.rs|1828|resolve_published_va|NO_CALLER_ANYWHERE
RESULT|crates/kayfabe-device/src/plane.rs|1864|read_published_va|NO_CALLER_ANYWHERE
RESULT|crates/kayfabe-device/src/plane.rs|1910|published_walk_trace|NO_CALLER_ANYWHERE
RESULT|crates/kayfabe-device/src/plane.rs|2114|ce_session|EXTERNAL_TEST_CALLER
RESULT|crates/kayfabe-device/src/plane.rs|2160|gvas_pub_log|EXTERNAL_TEST_CALLER
RESULT|crates/kayfabe-device/src/plane.rs|2165|set_policy|EXTERNAL_TEST_CALLER
RESULT|crates/kayfabe-device/src/plane.rs|2492|fb_window_sample|EXTERNAL_TEST_CALLER
RESULT|crates/kayfabe-device/src/plane.rs|2499|phase|EXTERNAL_TEST_CALLER
RESULT|crates/kayfabe-device/src/plane.rs|2518|gsp_state|EXTERNAL_TEST_CALLER
RESULT|crates/kayfabe-device/src/setpagedir.rs|248|new|INTERNAL_CALLER
RESULT|crates/kayfabe-device/src/setpagedir.rs|258|latest|INTERNAL_CALLER
RESULT|crates/kayfabe-device/src/setpagedir.rs|264|total|INTERNAL_CALLER
RESULT|crates/kayfabe-device/src/setpagedir.rs|275|refused|INTERNAL_CALLER
RESULT|crates/kayfabe-device/src/setpagedir.rs|286|valid|EXTERNAL_TEST_CALLER
RESULT|crates/kayfabe-device/src/setpagedir.rs|291|publish|INTERNAL_CALLER
RESULT|crates/kayfabe-device/src/setpagedir.rs|297|refuse|INTERNAL_CALLER
RESULT|crates/kayfabe-device/src/setpagedir.rs|306|device_reset|INTERNAL_CALLER
RESULT|crates/kayfabe-device/src/setpagedir.rs|339|why|NO_CALLER_ANYWHERE
RESULT|crates/kayfabe-device/src/setpagedir.rs|365|new|INTERNAL_CALLER
RESULT|crates/kayfabe-device/src/setpagedir.rs|371|driver|NO_CALLER_ANYWHERE
RESULT|crates/kayfabe-device/src/staticinfo.rs|77|new|INTERNAL_CALLER
RESULT|crates/kayfabe-device/src/staticinfo.rs|84|with_gid|INTERNAL_CALLER
RESULT|crates/kayfabe-device/src/staticinfo.rs|128|with_name|EXTERNAL_TEST_CALLER
RESULT|crates/kayfabe-device/src/staticinfo.rs|137|gid_for_chip|INTERNAL_CALLER
RESULT|crates/kayfabe-device/src/staticinfo.rs|160|body|INTERNAL_CALLER
RESULT|crates/kayfabe-device/src/sticky.rs|241|rmapi_control_is_cacheable|INTERNAL_CALLER
RESULT|crates/kayfabe-device/src/sticky.rs|263|reply_would_be_cached|INTERNAL_CALLER
RESULT|crates/kayfabe-device/src/sticky.rs|300|new|INTERNAL_CALLER
RESULT|crates/kayfabe-device/src/sticky.rs|318|inspected|EXTERNAL_TEST_CALLER
RESULT|crates/kayfabe-device/src/sticky.rs|330|rewritten|EXTERNAL_TEST_CALLER
RESULT|crates/kayfabe-device/src/sticky.rs|344|neutralised|EXTERNAL_TEST_CALLER
RESULT|crates/kayfabe-device/src/sticky.rs|351|malformed|EXTERNAL_TEST_CALLER
RESULT|crates/kayfabe-device/src/sweep.rs|137|must_be_served|INTERNAL_CALLER
RESULT|crates/kayfabe-device/src/sweep.rs|900|triage_for|EXTERNAL_TEST_CALLER
RESULT|crates/kayfabe-device/src/sweep.rs|913|must_serve_and_unserved|EXTERNAL_TEST_CALLER
RESULT|crates/kayfabe-device/src/unserviced.rs|216|new|INTERNAL_CALLER
RESULT|crates/kayfabe-device/src/unserviced.rs|223|total|INTERNAL_CALLER
RESULT|crates/kayfabe-device/src/unserviced.rs|245|distinct|INTERNAL_CALLER
RESULT|crates/kayfabe-device/src/unserviced.rs|255|truncated|EXTERNAL_TEST_CALLER
RESULT|crates/kayfabe-device/src/unserviced.rs|261|sample|INTERNAL_CALLER
RESULT|crates/kayfabe-device/src/unserviced.rs|272|note|INTERNAL_CALLER
RESULT|crates/kayfabe-device/src/unserviced.rs|303|new|INTERNAL_CALLER
RESULT|crates/kayfabe-fwd/src/lib.rs|1119|checkout|INTERNAL_CALLER
RESULT|crates/kayfabe-fwd/src/lib.rs|1357|verb_fault|INTERNAL_CALLER
RESULT|crates/kayfabe-fwd/src/lib.rs|1402|publish_backing|EXTERNAL_TEST_CALLER
RESULT|crates/kayfabe-fwd/src/lib.rs|1467|pin_guest_ram|NO_CALLER_ANYWHERE
RESULT|crates/kayfabe-fwd/src/lib.rs|2028|back_fb_leaf|NO_CALLER_ANYWHERE
RESULT|crates/kayfabe-fwd/src/lib.rs|2430|resolve|EXTERNAL_TEST_CALLER
RESULT|crates/kayfabe-fwd/src/lib.rs|2603|exec_doorbell|INTERNAL_CALLER
RESULT|crates/kayfabe-fwd/src/lib.rs|2875|handle_doorbell|EXTERNAL_TEST_CALLER
RESULT|crates/kayfabe-fwd/src/lib.rs|2892|deliver_completions|EXTERNAL_TEST_CALLER
RESULT|crates/kayfabe-fwd/src/lib.rs|2905|poll_completions|EXTERNAL_TEST_CALLER
RESULT|crates/kayfabe-fwd/src/lib.rs|3109|exec_engine_object|INTERNAL_CALLER
RESULT|crates/kayfabe-fwd/src/lib.rs|3327|forward_engine_object|EXTERNAL_TEST_CALLER
RESULT|crates/kayfabe-fwd/src/lib.rs|3382|forward_control|INTERNAL_CALLER
RESULT|crates/kayfabe-fwd/src/lib.rs|3482|route_control|EXTERNAL_TEST_CALLER
RESULT|crates/kayfabe-fwd/src/lib.rs|3510|signal_golden_capture|EXTERNAL_TEST_CALLER
RESULT|crates/kayfabe-fwd/src/lib.rs|3592|of|INTERNAL_CALLER
RESULT|crates/kayfabe-fwd/src/lib.rs|3619|ce_executor_c|INTERNAL_CALLER
RESULT|crates/kayfabe-fwd/src/lib.rs|4213|read_gpfifo_ring|EXTERNAL_TEST_CALLER
RESULT|crates/kayfabe-fwd/src/lib.rs|4620|executor|INTERNAL_CALLER
RESULT|crates/kayfabe-fwd/src/lib.rs|4920|new|INTERNAL_CALLER
RESULT|crates/kayfabe-fwd/src/lib.rs|5213|plan_ce_split|INTERNAL_CALLER
RESULT|crates/kayfabe-fwd/src/lib.rs|5254|reached_hardware|EXTERNAL_TEST_CALLER
RESULT|crates/kayfabe-fwd/src/lib.rs|5430|exec_ce|INTERNAL_CALLER
RESULT|crates/kayfabe-fwd/src/lib.rs|5638|parse_pushbuffer|INTERNAL_CALLER
RESULT|crates/kayfabe-fwd/src/lib.rs|5670|submit_ring|EXTERNAL_TEST_CALLER
RESULT|crates/kayfabe-fwd/src/lib.rs|5694|latch_pt_writes|INTERNAL_CALLER
RESULT|crates/kayfabe-fwd/src/lib.rs|5745|gate_working_set|EXTERNAL_TEST_CALLER
RESULT|crates/kayfabe-fwd/src/lib.rs|5803|completion_arm|INTERNAL_CALLER
RESULT|crates/kayfabe-fwd/src/lib.rs|5824|arm_fence|EXTERNAL_TEST_CALLER
RESULT|crates/kayfabe-fwd/src/lib.rs|5839|arm_fence_in|INTERNAL_CALLER
RESULT|crates/kayfabe-fwd/src/lib.rs|5872|fence_observed|EXTERNAL_TEST_CALLER
RESULT|crates/kayfabe-fwd/src/lib.rs|5886|fence_observed_in|INTERNAL_CALLER
RESULT|crates/kayfabe-fwd/src/lib.rs|5913|present_scanout|EXTERNAL_TEST_CALLER
RESULT|crates/kayfabe-fwd/src/lib.rs|5926|present_scanout_in|INTERNAL_CALLER
RESULT|crates/kayfabe-fwd/src/lib.rs|5991|fault_facts|EXTERNAL_TEST_CALLER
RESULT|crates/kayfabe-fwd/src/ptdecode.rs|134|reads|EXTERNAL_TEST_CALLER
RESULT|crates/kayfabe-fwd/src/ptdecode.rs|140|misses|EXTERNAL_TEST_CALLER
RESULT|crates/kayfabe-fwd/src/ptdecode.rs|325|is_clean|EXTERNAL_TEST_CALLER
RESULT|crates/kayfabe-gsp/src/boot.rs|188|status_cursor|EXTERNAL_TEST_CALLER
RESULT|crates/kayfabe-gsp/src/boot.rs|194|command_cursor|EXTERNAL_TEST_CALLER
RESULT|crates/kayfabe-gsp/src/boot.rs|543|len|NO_CALLER_ANYWHERE
RESULT|crates/kayfabe-gsp/src/boot.rs|549|is_empty|NO_CALLER_ANYWHERE
RESULT|crates/kayfabe-gsp/src/boot.rs|726|command_seq|EXTERNAL_TEST_CALLER
RESULT|crates/kayfabe-gsp/src/boot.rs|733|observe|INTERNAL_CALLER
RESULT|crates/kayfabe-gsp/src/boot.rs|1243|service_command_queue|INTERNAL_CALLER
RESULT|crates/kayfabe-gsp/src/boot.rs|1577|post|INTERNAL_CALLER
RESULT|crates/kayfabe-gsp/src/element.rs|191|hdr_size|INTERNAL_CALLER
RESULT|crates/kayfabe-gsp/src/element.rs|197|checksum_off|INTERNAL_CALLER
RESULT|crates/kayfabe-gsp/src/element.rs|203|seqnum_off|INTERNAL_CALLER
RESULT|crates/kayfabe-gsp/src/element.rs|215|elem_count_off|INTERNAL_CALLER
RESULT|crates/kayfabe-gsp/src/element.rs|221|transport|INTERNAL_CALLER
RESULT|crates/kayfabe-gsp/src/element.rs|322|new|INTERNAL_CALLER
RESULT|crates/kayfabe-gsp/src/element.rs|349|rpc_length|EXTERNAL_TEST_CALLER
RESULT|crates/kayfabe-gsp/src/element.rs|355|msg_len|INTERNAL_CALLER
RESULT|crates/kayfabe-gsp/src/element.rs|361|elements|INTERNAL_CALLER
RESULT|crates/kayfabe-gsp/src/element.rs|368|element_size_min|INTERNAL_CALLER
RESULT|crates/kayfabe-gsp/src/fault.rs|98|code|EXTERNAL_TEST_CALLER
RESULT|crates/kayfabe-gsp/src/ram.rs|97|load|INTERNAL_CALLER
RESULT|crates/kayfabe-gsp/src/ram.rs|163|from_pages|EXTERNAL_TEST_CALLER
RESULT|crates/kayfabe-gsp/src/ram.rs|187|len|INTERNAL_CALLER
RESULT|crates/kayfabe-gsp/src/ram.rs|193|is_empty|NO_CALLER_ANYWHERE
RESULT|crates/kayfabe-gsp/src/ram.rs|240|read|INTERNAL_CALLER
RESULT|crates/kayfabe-gsp/src/ram.rs|259|write|INTERNAL_CALLER
RESULT|crates/kayfabe-gsp/src/ram.rs|273|read_u32|INTERNAL_CALLER
RESULT|crates/kayfabe-gsp/src/ram.rs|284|write_u32|INTERNAL_CALLER
RESULT|crates/kayfabe-gsp/src/replay.rs|142|new|INTERNAL_CALLER
RESULT|crates/kayfabe-gsp/src/replay.rs|147|push|INTERNAL_CALLER
RESULT|crates/kayfabe-gsp/src/replay.rs|153|items|EXTERNAL_TEST_CALLER
RESULT|crates/kayfabe-gsp/src/replay.rs|159|count|INTERNAL_CALLER
RESULT|crates/kayfabe-gsp/src/replay.rs|165|refusals|EXTERNAL_TEST_CALLER
RESULT|crates/kayfabe-gsp/src/replay.rs|178|unseen_kinds|EXTERNAL_TEST_CALLER
RESULT|crates/kayfabe-gsp/src/replay.rs|342|new|EXTERNAL_TEST_CALLER
RESULT|crates/kayfabe-gsp/src/replay.rs|354|with_projection|EXTERNAL_TEST_CALLER
RESULT|crates/kayfabe-gsp/src/replay.rs|360|refused|EXTERNAL_TEST_CALLER
RESULT|crates/kayfabe-gsp/src/ring.rs|95|new|INTERNAL_CALLER
RESULT|crates/kayfabe-gsp/src/ring.rs|103|get|INTERNAL_CALLER
RESULT|crates/kayfabe-gsp/src/ring.rs|109|slot|INTERNAL_CALLER
RESULT|crates/kayfabe-gsp/src/ring.rs|121|index|INTERNAL_CALLER
RESULT|crates/kayfabe-gsp/src/ring.rs|163|decode|INTERNAL_CALLER
RESULT|crates/kayfabe-gsp/src/ring.rs|385|fresh|INTERNAL_CALLER
RESULT|crates/kayfabe-gsp/src/ring.rs|431|bind|INTERNAL_CALLER
RESULT|crates/kayfabe-gsp/src/ring.rs|492|published_header|INTERNAL_CALLER
RESULT|crates/kayfabe-gsp/src/ring.rs|498|msg_count|INTERNAL_CALLER
RESULT|crates/kayfabe-gsp/src/ring.rs|512|element_size|INTERNAL_CALLER
RESULT|crates/kayfabe-gsp/src/ring.rs|524|cmd_write_ptr_off|INTERNAL_CALLER
RESULT|crates/kayfabe-gsp/src/ring.rs|540|peer_stat_read_ptr_off|INTERNAL_CALLER
RESULT|crates/kayfabe-gsp/src/ring.rs|551|cmd_read_ptr_ack_off|INTERNAL_CALLER
RESULT|crates/kayfabe-gsp/src/ring.rs|557|cmd_element_off|INTERNAL_CALLER
RESULT|crates/kayfabe-gsp/src/ring.rs|565|stat_element_off|INTERNAL_CALLER
RESULT|crates/kayfabe-gsp/src/rpc.rs|197|validated|EXTERNAL_TEST_CALLER
RESULT|crates/kayfabe-gsp/src/rpc.rs|211|classify|INTERNAL_CALLER
RESULT|crates/kayfabe-gsp/src/rpc.rs|316|disposition|INTERNAL_CALLER
RESULT|crates/kayfabe-gsp/src/rpc.rs|353|allowed_in_bootup_window|INTERNAL_CALLER
RESULT|crates/kayfabe-gsp/src/rpc.rs|435|from_incoming|INTERNAL_CALLER
RESULT|crates/kayfabe-gsp/src/rpc.rs|472|reply|INTERNAL_CALLER
RESULT|crates/kayfabe-gsp/src/rpc.rs|611|reply_alloc|INTERNAL_CALLER
RESULT|crates/kayfabe-gsp/src/rpc.rs|650|ack|EXTERNAL_TEST_CALLER
RESULT|crates/kayfabe-isolate-host/src/child.rs|129|isolate|INTERNAL_CALLER
RESULT|crates/kayfabe-isolate-host/src/export.rs|74|mint|INTERNAL_CALLER
RESULT|crates/kayfabe-isolate-host/src/export.rs|90|lend|INTERNAL_CALLER
RESULT|crates/kayfabe-isolate-host/src/export.rs|101|len|INTERNAL_CALLER
RESULT|crates/kayfabe-isolate-host/src/export.rs|110|is_empty|NO_CALLER_ANYWHERE
RESULT|crates/kayfabe-isolate-host/src/export.rs|127|new|INTERNAL_CALLER
RESULT|crates/kayfabe-isolate-host/src/export.rs|147|adopt|INTERNAL_CALLER
RESULT|crates/kayfabe-isolate-host/src/export.rs|162|dup|EXTERNAL_TEST_CALLER
RESULT|crates/kayfabe-isolate-host/src/export.rs|183|kind|EXTERNAL_TEST_CALLER
RESULT|crates/kayfabe-isolate-host/src/export.rs|193|origin|EXTERNAL_TEST_CALLER
RESULT|crates/kayfabe-isolate-host/src/export.rs|203|len|INTERNAL_CALLER
RESULT|crates/kayfabe-isolate-host/src/export.rs|209|is_empty|EXTERNAL_TEST_CALLER
RESULT|crates/kayfabe-isolate-host/src/fdcross.rs|97|adopt|INTERNAL_CALLER
RESULT|crates/kayfabe-isolate-host/src/fdcross.rs|112|origin|INTERNAL_CALLER
RESULT|crates/kayfabe-isolate-host/src/fdcross.rs|119|kind|INTERNAL_CALLER
RESULT|crates/kayfabe-isolate-host/src/fdcross.rs|138|lend_to|EXTERNAL_TEST_CALLER
RESULT|crates/kayfabe-isolate-host/src/fdcross.rs|154|as_local_fd|INTERNAL_CALLER
RESULT|crates/kayfabe-isolate-host/src/fdcross.rs|162|into_owned|NO_CALLER_ANYWHERE
RESULT|crates/kayfabe-isolate-host/src/guestram.rs|88|new|INTERNAL_CALLER
RESULT|crates/kayfabe-isolate-host/src/guestram.rs|100|bytes|NO_CALLER_ANYWHERE
RESULT|crates/kayfabe-isolate-host/src/guestram.rs|125|honour|INTERNAL_CALLER
RESULT|crates/kayfabe-isolate-host/src/guestram.rs|182|release|INTERNAL_CALLER
RESULT|crates/kayfabe-isolate-host/src/guestram.rs|205|with_region|INTERNAL_CALLER
RESULT|crates/kayfabe-isolate-host/src/guestram.rs|217|live_mappings|NO_CALLER_ANYWHERE
RESULT|crates/kayfabe-isolate-host/src/isolate.rs|187|parse|INTERNAL_CALLER
RESULT|crates/kayfabe-isolate-host/src/isolate.rs|250|decode_control|INTERNAL_CALLER
RESULT|crates/kayfabe-isolate-host/src/isolate.rs|779|wait_for_park|EXTERNAL_TEST_CALLER
RESULT|crates/kayfabe-isolate-host/src/isolate.rs|834|spawn_error|EXTERNAL_TEST_CALLER
RESULT|crates/kayfabe-isolate-host/src/isolate.rs|840|child_pid|EXTERNAL_TEST_CALLER
RESULT|crates/kayfabe-isolate-host/src/isolate.rs|870|exports|EXTERNAL_TEST_CALLER
RESULT|crates/kayfabe-isolate-host/src/isolate.rs|1074|with_guest_ram|EXTERNAL_TEST_CALLER
RESULT|crates/kayfabe-isolate-host/src/isolate.rs|1084|spawned|NO_CALLER_ANYWHERE
RESULT|crates/kayfabe-isolate-host/src/isolate.rs|1095|with_park|EXTERNAL_TEST_CALLER
RESULT|crates/kayfabe-isolate-host/src/isolate.rs|1117|is_embedded|NO_CALLER_ANYWHERE
RESULT|crates/kayfabe-isolate-host/src/isolate.rs|1125|embedded|NO_CALLER_ANYWHERE
RESULT|crates/kayfabe-isolate-host/src/isolate.rs|1137|spawn_host|INTERNAL_CALLER
RESULT|crates/kayfabe-isolate-host/src/loopback.rs|63|parse|INTERNAL_CALLER
RESULT|crates/kayfabe-isolate-host/src/loopback.rs|73|as_arg|INTERNAL_CALLER
RESULT|crates/kayfabe-isolate-host/src/loopback.rs|118|new|INTERNAL_CALLER
RESULT|crates/kayfabe-isolate-host/src/loopback.rs|160|new|INTERNAL_CALLER
RESULT|crates/kayfabe-isolate-host/src/loopback.rs|177|with_guest_ram|INTERNAL_CALLER
RESULT|crates/kayfabe-isolate-host/src/proto.rs|344|into_rm_error|INTERNAL_CALLER
RESULT|crates/kayfabe-isolate-host/src/proto.rs|376|prot_code|INTERNAL_CALLER
RESULT|crates/kayfabe-isolate-host/src/proto.rs|386|prot_from_code|INTERNAL_CALLER
RESULT|crates/kayfabe-isolate-host/src/proto.rs|400|engine_code|INTERNAL_CALLER
RESULT|crates/kayfabe-isolate-host/src/proto.rs|416|engine_from_code|INTERNAL_CALLER
RESULT|crates/kayfabe-isolate-host/src/proto.rs|541|encode|INTERNAL_CALLER
RESULT|crates/kayfabe-isolate-host/src/proto.rs|675|decode|INTERNAL_CALLER
RESULT|crates/kayfabe-isolate-host/src/proto.rs|773|encode|INTERNAL_CALLER
RESULT|crates/kayfabe-isolate-host/src/proto.rs|838|decode|INTERNAL_CALLER
RESULT|crates/kayfabe-isolate-host/src/proto.rs|890|write_frame|INTERNAL_CALLER
RESULT|crates/kayfabe-isolate-host/src/proto.rs|915|read_frame|INTERNAL_CALLER
RESULT|crates/kayfabe-isolate-host/src/rm.rs|2106|new|EXTERNAL_TEST_CALLER
RESULT|crates/kayfabe-isolate-host/src/rm.rs|2116|latest|EXTERNAL_TEST_CALLER
RESULT|crates/kayfabe-isolate-host/src/rm.rs|2592|with_guest_ram|INTERNAL_CALLER
RESULT|crates/kayfabe-isolate-host/src/rm.rs|2600|with_ce_witness|EXTERNAL_TEST_CALLER
RESULT|crates/kayfabe-isolate-host/src/rm.rs|2650|fill_words|EXTERNAL_TEST_CALLER
RESULT|crates/kayfabe-isolate-host/src/rm.rs|2683|read_words_independently|EXTERNAL_TEST_CALLER
RESULT|crates/kayfabe-isolate-host/src/rm.rs|3974|ring_store_u32|INTERNAL_CALLER
RESULT|crates/kayfabe-isolate-host/src/rm.rs|4029|channel_ring_layout|INTERNAL_CALLER
RESULT|crates/kayfabe-isolate-host/src/rm.rs|4218|ce_copy_outcome|INTERNAL_CALLER
RESULT|crates/kayfabe-isolate/src/lib.rs|1178|isolate|NO_CALLER_ANYWHERE
RESULT|crates/kayfabe-isolate/src/lib.rs|1184|worker|NO_CALLER_ANYWHERE
RESULT|crates/kayfabe-isolate/src/lib.rs|1190|txn|EXTERNAL_TEST_CALLER
RESULT|crates/kayfabe-isolate/src/lib.rs|1198|request|INTERNAL_CALLER
RESULT|crates/kayfabe-isolate/src/lib.rs|1205|abandon|INTERNAL_CALLER
RESULT|crates/kayfabe-isolate/src/lib.rs|1243|isolate|NO_CALLER_ANYWHERE
RESULT|crates/kayfabe-isolate/src/lib.rs|1249|worker|NO_CALLER_ANYWHERE
RESULT|crates/kayfabe-isolate/src/lib.rs|1256|txn|NO_CALLER_ANYWHERE
RESULT|crates/kayfabe-isolate/src/lib.rs|1262|reason|NO_CALLER_ANYWHERE
RESULT|crates/kayfabe-isolate/src/lib.rs|1271|is_abandon|EXTERNAL_TEST_CALLER
RESULT|crates/kayfabe-isolate/src/lib.rs|1322|requests|EXTERNAL_TEST_CALLER
RESULT|crates/kayfabe-isolate/src/lib.rs|1679|handles|INTERNAL_CALLER
RESULT|crates/kayfabe-isolate/src/lib.rs|1900|bare|INTERNAL_CALLER
RESULT|crates/kayfabe-isolate/src/lib.rs|1961|new|EXTERNAL_TEST_CALLER
RESULT|crates/kayfabe-isolate/src/lib.rs|1998|txn|EXTERNAL_TEST_CALLER
RESULT|crates/kayfabe-isolate/src/lib.rs|2021|isolate|EXTERNAL_TEST_CALLER
RESULT|crates/kayfabe-isolate/src/lib.rs|2079|export_backing|EXTERNAL_TEST_CALLER
RESULT|crates/kayfabe-isolate/src/lib.rs|2110|map_guest_ram|EXTERNAL_TEST_CALLER
RESULT|crates/kayfabe-isolate/src/lib.rs|2130|unmap_guest_ram|EXTERNAL_TEST_CALLER
RESULT|crates/kayfabe-isolate/src/lib.rs|2804|as_str|NO_CALLER_ANYWHERE
RESULT|crates/kayfabe-isolate/src/lib.rs|2867|observe_refusal|INTERNAL_CALLER
RESULT|crates/kayfabe-isolate/src/lib.rs|2885|refusing|EXTERNAL_TEST_CALLER
RESULT|crates/kayfabe-isolate/src/lib.rs|3082|spawned|EXTERNAL_TEST_CALLER
RESULT|crates/kayfabe-isolate/src/lib.rs|3089|why|NO_CALLER_ANYWHERE
RESULT|crates/kayfabe-isolate/src/lib.rs|3114|why|NO_CALLER_ANYWHERE
RESULT|crates/kayfabe-linux-raw/src/chardev_unsafe.rs|157|from_fd|NO_CALLER_ANYWHERE
RESULT|crates/kayfabe-linux-raw/src/chardev_unsafe.rs|163|as_fd|NO_CALLER_ANYWHERE
RESULT|crates/kayfabe-linux-raw/src/chardev_unsafe.rs|296|at|NO_CALLER_ANYWHERE
RESULT|crates/kayfabe-linux-raw/src/chardev_unsafe.rs|306|len|INTERNAL_CALLER
RESULT|crates/kayfabe-linux-raw/src/chardev_unsafe.rs|316|is_empty|NO_CALLER_ANYWHERE
RESULT|crates/kayfabe-linux-raw/src/chardev_unsafe.rs|385|adopt|EXTERNAL_TEST_CALLER
RESULT|crates/kayfabe-linux-raw/src/epoll_unsafe.rs|94|len|NO_CALLER_ANYWHERE
RESULT|crates/kayfabe-linux-raw/src/epoll_unsafe.rs|100|is_empty|NO_CALLER_ANYWHERE
RESULT|crates/kayfabe-linux-raw/src/epoll_unsafe.rs|124|create|EXTERNAL_TEST_CALLER
RESULT|crates/kayfabe-linux-raw/src/geometry.rs|137|validate_gpa_window|NO_CALLER_ANYWHERE
RESULT|crates/kayfabe-linux-raw/src/host_fd_unsafe.rs|110|create_named|INTERNAL_CALLER
RESULT|crates/kayfabe-linux-raw/src/host_fd_unsafe.rs|156|len_bytes|NO_CALLER_ANYWHERE
RESULT|crates/kayfabe-linux-raw/src/ioctl.rs|59|declared_size|INTERNAL_CALLER
RESULT|crates/kayfabe-linux-raw/src/ioctl.rs|90|read|NO_CALLER_ANYWHERE
RESULT|crates/kayfabe-linux-raw/src/ioctl.rs|98|write|NO_CALLER_ANYWHERE
RESULT|crates/kayfabe-linux-raw/src/ioctl.rs|104|none|NO_CALLER_ANYWHERE
RESULT|crates/kayfabe-linux-raw/src/kvm_gate.rs|72|kvm_available|EXTERNAL_TEST_CALLER
RESULT|crates/kayfabe-linux-raw/src/kvm_gate.rs|92|report|EXTERNAL_TEST_CALLER
RESULT|crates/kayfabe-linux-raw/src/kvm_unsafe.rs|206|adopt|EXTERNAL_TEST_CALLER
RESULT|crates/kayfabe-linux-raw/src/kvm_unsafe.rs|220|try_clone_descriptor|EXTERNAL_TEST_CALLER
RESULT|crates/kayfabe-linux-raw/src/kvm_unsafe.rs|446|set_memslot|INTERNAL_CALLER
RESULT|crates/kayfabe-linux-raw/src/kvm_unsafe.rs|474|clear_memslot|NO_CALLER_ANYWHERE
RESULT|crates/kayfabe-linux-raw/src/kvm_unsafe.rs|532|len_bytes|NO_CALLER_ANYWHERE
RESULT|crates/kayfabe-linux-raw/src/kvm_unsafe.rs|538|gpa|NO_CALLER_ANYWHERE
RESULT|crates/kayfabe-linux-raw/src/kvm_unsafe.rs|550|window|NO_CALLER_ANYWHERE
RESULT|crates/kayfabe-linux-raw/src/mapping_unsafe.rs|446|cache_policy|NO_CALLER_ANYWHERE
RESULT|crates/kayfabe-linux-raw/src/mapping_unsafe.rs|453|len_bytes|INTERNAL_CALLER
RESULT|crates/kayfabe-linux-raw/src/mapping_unsafe.rs|522|slice|NO_CALLER_ANYWHERE
RESULT|crates/kayfabe-linux-raw/src/mapping_unsafe.rs|719|cache_policy|NO_CALLER_ANYWHERE
RESULT|crates/kayfabe-linux-raw/src/mapping_unsafe.rs|725|len_bytes|NO_CALLER_ANYWHERE
RESULT|crates/kayfabe-linux-raw/src/mapping_unsafe.rs|787|load_u64|NO_CALLER_ANYWHERE
RESULT|crates/kayfabe-linux-raw/src/mapping_unsafe.rs|795|store_u64|NO_CALLER_ANYWHERE
RESULT|crates/kayfabe-linux-raw/src/mapping_unsafe.rs|888|len_bytes|NO_CALLER_ANYWHERE
RESULT|crates/kayfabe-linux-raw/src/memtype.rs|180|parse|INTERNAL_CALLER
RESULT|crates/kayfabe-linux-raw/src/memtype.rs|257|classify_physical|INTERNAL_CALLER
RESULT|crates/kayfabe-linux-raw/src/memtype.rs|351|recorded_memtype|INTERNAL_CALLER
RESULT|crates/kayfabe-linux-raw/src/memtype.rs|421|holds|EXTERNAL_TEST_CALLER
RESULT|crates/kayfabe-linux-raw/src/memtype.rs|444|effective_memtype|INTERNAL_CALLER
RESULT|crates/kayfabe-linux-raw/src/memtype.rs|662|spread|INTERNAL_CALLER
RESULT|crates/kayfabe-linux-raw/src/memtype.rs|674|is_stable|INTERNAL_CALLER
RESULT|crates/kayfabe-linux-raw/src/memtype.rs|685|ns_per_read|INTERNAL_CALLER
RESULT|crates/kayfabe-linux-raw/src/memtype.rs|703|measure|NO_CALLER_ANYWHERE
RESULT|crates/kayfabe-linux-raw/src/memtype.rs|725|measure_over|EXTERNAL_TEST_CALLER
RESULT|crates/kayfabe-linux-raw/src/memtype.rs|746|ratio_against|INTERNAL_CALLER
RESULT|crates/kayfabe-linux-raw/src/memtype.rs|761|against|EXTERNAL_TEST_CALLER
RESULT|crates/kayfabe-linux-raw/src/page_size.rs|107|forced|INTERNAL_CALLER
RESULT|crates/kayfabe-linux-raw/src/procfd.rs|114|name|NO_CALLER_ANYWHERE
RESULT|crates/kayfabe-linux-raw/src/procfd.rs|120|bytes|NO_CALLER_ANYWHERE
RESULT|crates/kayfabe-linux-raw/src/procfd.rs|126|shared_mapped|NO_CALLER_ANYWHERE
RESULT|crates/kayfabe-linux-raw/src/procfd.rs|132|listed_as|NO_CALLER_ANYWHERE
RESULT|crates/kayfabe-linux-raw/src/procfd.rs|138|inode|NO_CALLER_ANYWHERE
RESULT|crates/kayfabe-linux-raw/src/procfd.rs|145|dev|NO_CALLER_ANYWHERE
RESULT|crates/kayfabe-linux-raw/src/procfd.rs|155|into_descriptor|NO_CALLER_ANYWHERE
RESULT|crates/kayfabe-linux-raw/src/procfd.rs|192|take_of_this_process|NO_CALLER_ANYWHERE
RESULT|crates/kayfabe-linux-raw/src/procfd.rs|302|seen|NO_CALLER_ANYWHERE
RESULT|crates/kayfabe-linux-raw/src/procfd.rs|311|the_only_shared_memfd_named|NO_CALLER_ANYWHERE
RESULT|crates/kayfabe-linux-raw/src/sandbox_unsafe.rs|215|names|NO_CALLER_ANYWHERE
RESULT|crates/kayfabe-linux-raw/src/sandbox_unsafe.rs|445|is_unprivileged|INTERNAL_CALLER
RESULT|crates/kayfabe-linux-raw/src/signal_unsafe.rs|115|raw|NO_CALLER_ANYWHERE
RESULT|crates/kayfabe-linux-raw/src/spawn_unsafe.rs|289|len_bytes|NO_CALLER_ANYWHERE
RESULT|crates/kayfabe-linux-raw/src/spawn_unsafe.rs|323|target|NO_CALLER_ANYWHERE
RESULT|crates/kayfabe-linux-raw/src/spawn_unsafe.rs|383|new|EXTERNAL_TEST_CALLER
RESULT|crates/kayfabe-linux-raw/src/spawn_unsafe.rs|408|env|NO_CALLER_ANYWHERE
RESULT|crates/kayfabe-linux-raw/src/spawn_unsafe.rs|444|program|NO_CALLER_ANYWHERE
RESULT|crates/kayfabe-linux-raw/src/spawn_unsafe.rs|896|kill|INTERNAL_CALLER
RESULT|crates/kayfabe-linux-raw/src/spawn_unsafe.rs|922|try_reap|NO_CALLER_ANYWHERE
RESULT|crates/kayfabe-linux-raw/src/spawn_unsafe.rs|936|reap|INTERNAL_CALLER
RESULT|crates/kayfabe-linux-raw/src/view.rs|57|len_bytes|NO_CALLER_ANYWHERE
RESULT|crates/kayfabe-linux-raw/src/view.rs|67|read_into|NO_CALLER_ANYWHERE
RESULT|crates/kayfabe-linux-raw/src/view.rs|78|write_from|NO_CALLER_ANYWHERE
RESULT|crates/kayfabe-linux-raw/src/view.rs|91|slice|NO_CALLER_ANYWHERE
RESULT|crates/kayfabe-linux-raw/src/window_unsafe.rs|174|page_size|NO_CALLER_ANYWHERE
RESULT|crates/kayfabe-mmu/src/gpga.rs|206|intersect|EXTERNAL_TEST_CALLER
RESULT|crates/kayfabe-mmu/src/gpga.rs|603|fan_out|EXTERNAL_TEST_CALLER
RESULT|crates/kayfabe-mmu/src/gpga.rs|609|deliveries_for|EXTERNAL_TEST_CALLER
RESULT|crates/kayfabe-mmu/src/gpga.rs|658|new|EXTERNAL_TEST_CALLER
RESULT|crates/kayfabe-mmu/src/gpga.rs|671|object_count|EXTERNAL_TEST_CALLER
RESULT|crates/kayfabe-mmu/src/gpga.rs|679|add_view|EXTERNAL_TEST_CALLER
RESULT|crates/kayfabe-mmu/src/gpga.rs|713|map_into_view|EXTERNAL_TEST_CALLER
RESULT|crates/kayfabe-mmu/src/gpga.rs|789|remove_view|EXTERNAL_TEST_CALLER
RESULT|crates/kayfabe-mmu/src/gpga.rs|801|viewer_kind|INTERNAL_CALLER
RESULT|crates/kayfabe-mmu/src/gpga.rs|823|pending_len|EXTERNAL_TEST_CALLER
RESULT|crates/kayfabe-mmu/src/gpga.rs|831|viewers|NO_CALLER_ANYWHERE
RESULT|crates/kayfabe-mmu/src/gpga.rs|879|contents|INTERNAL_CALLER
RESULT|crates/kayfabe-mmu/src/gpga.rs|1025|plan|EXTERNAL_TEST_CALLER
RESULT|crates/kayfabe-mmu/src/gpga.rs|1091|apply|EXTERNAL_TEST_CALLER
RESULT|crates/kayfabe-mmu/src/lib.rs|675|audit_identity|EXTERNAL_TEST_CALLER
RESULT|crates/kayfabe-mmu/src/reach.rs|246|root|NO_CALLER_ANYWHERE
RESULT|crates/kayfabe-mmu/src/reach.rs|312|is_empty|EXTERNAL_TEST_CALLER
RESULT|crates/kayfabe-mmu/src/reach.rs|324|sparse_at|EXTERNAL_TEST_CALLER
RESULT|crates/kayfabe-mmu/src/reach.rs|515|confirm_bind|INTERNAL_CALLER
RESULT|crates/kayfabe-mmu/src/reach.rs|520|confirm_unbind|INTERNAL_CALLER
RESULT|crates/kayfabe-mmu/src/walker.rs|780|leaf_disposition|INTERNAL_CALLER
RESULT|crates/kayfabe-mmu/src/walker.rs|870|populate|INTERNAL_CALLER
RESULT|crates/kayfabe-mocks/src/lib.rs|195|token_for|EXTERNAL_TEST_CALLER
RESULT|crates/kayfabe-mocks/src/lib.rs|339|new|EXTERNAL_TEST_CALLER
RESULT|crates/kayfabe-mocks/src/lib.rs|345|mock|NO_CALLER_ANYWHERE
RESULT|crates/kayfabe-mocks/src/lib.rs|496|method|INTERNAL_CALLER
RESULT|crates/kayfabe-mocks/src/lib.rs|502|set_object|EXTERNAL_TEST_CALLER
RESULT|crates/kayfabe-mocks/src/lib.rs|516|ce_launch_dma|EXTERNAL_TEST_CALLER
RESULT|crates/kayfabe-mocks/src/lib.rs|523|ce_launch_dma_full|INTERNAL_CALLER
RESULT|crates/kayfabe-mocks/src/lib.rs|552|sem_release|EXTERNAL_TEST_CALLER
RESULT|crates/kayfabe-mocks/src/lib.rs|566|tlb_invalidate|EXTERNAL_TEST_CALLER
RESULT|crates/kayfabe-mocks/src/lib.rs|791|encode_leaf|EXTERNAL_TEST_CALLER
RESULT|crates/kayfabe-mocks/src/lib.rs|803|encode_pde|INTERNAL_CALLER
RESULT|crates/kayfabe-mocks/src/lib.rs|822|encode_dual_pde|EXTERNAL_TEST_CALLER
RESULT|crates/kayfabe-mocks/src/lib.rs|1067|declare_device_mmio|EXTERNAL_TEST_CALLER
RESULT|crates/kayfabe-mocks/src/lib.rs|1084|declare_unbacked|EXTERNAL_TEST_CALLER
RESULT|crates/kayfabe-mocks/src/lib.rs|1090|regions|NO_CALLER_ANYWHERE
RESULT|crates/kayfabe-mocks/src/lib.rs|1118|advance|EXTERNAL_TEST_CALLER
RESULT|crates/kayfabe-mocks/src/lib.rs|1125|ram_read|EXTERNAL_TEST_CALLER
RESULT|crates/kayfabe-mocks/src/lib.rs|1519|exact|EXTERNAL_TEST_CALLER
RESULT|crates/kayfabe-mocks/src/lib.rs|1529|on_isolate|EXTERNAL_TEST_CALLER
RESULT|crates/kayfabe-mocks/src/lib.rs|1573|new|INTERNAL_CALLER
RESULT|crates/kayfabe-mocks/src/lib.rs|1582|is_pending|EXTERNAL_TEST_CALLER
RESULT|crates/kayfabe-mocks/src/lib.rs|1609|wait_until_pending|EXTERNAL_TEST_CALLER
RESULT|crates/kayfabe-mocks/src/lib.rs|1648|cancel_request_seen|EXTERNAL_TEST_CALLER
RESULT|crates/kayfabe-mocks/src/lib.rs|1654|abandon_seen|NO_CALLER_ANYWHERE
RESULT|crates/kayfabe-mocks/src/lib.rs|1659|release|EXTERNAL_TEST_CALLER
RESULT|crates/kayfabe-mocks/src/lib.rs|2020|held_by|EXTERNAL_TEST_CALLER
RESULT|crates/kayfabe-mocks/src/lib.rs|2026|queued|EXTERNAL_TEST_CALLER
RESULT|crates/kayfabe-mocks/src/lib.rs|2032|waits|EXTERNAL_TEST_CALLER
RESULT|crates/kayfabe-mocks/src/lib.rs|2040|wait_until_blocked|EXTERNAL_TEST_CALLER
RESULT|crates/kayfabe-mocks/src/lib.rs|2104|slow_fuzz_enabled|INTERNAL_CALLER
RESULT|crates/kayfabe-mocks/src/lib.rs|2351|is_balanced|EXTERNAL_TEST_CALLER
RESULT|crates/kayfabe-mocks/src/lib.rs|2367|leaked_count|EXTERNAL_TEST_CALLER
RESULT|crates/kayfabe-mocks/src/lib.rs|2375|ce_seed|EXTERNAL_TEST_CALLER
RESULT|crates/kayfabe-mocks/src/lib.rs|2384|ce_image|EXTERNAL_TEST_CALLER
RESULT|crates/kayfabe-mocks/src/lib.rs|2391|ce_clear|NO_CALLER_ANYWHERE
RESULT|crates/kayfabe-mocks/src/lib.rs|2397|fb_declare|EXTERNAL_TEST_CALLER
RESULT|crates/kayfabe-mocks/src/lib.rs|2406|fb_covers|INTERNAL_CALLER
RESULT|crates/kayfabe-mocks/src/lib.rs|2416|ce_clear_range|EXTERNAL_TEST_CALLER
RESULT|crates/kayfabe-mocks/src/lib.rs|2488|compact|EXTERNAL_TEST_CALLER
RESULT|crates/kayfabe-mocks/src/lib.rs|2548|hold|EXTERNAL_TEST_CALLER
RESULT|crates/kayfabe-mocks/src/lib.rs|2556|client_lock|EXTERNAL_TEST_CALLER
RESULT|crates/kayfabe-mocks/src/lib.rs|2562|parked_of|EXTERNAL_TEST_CALLER
RESULT|crates/kayfabe-mocks/src/lib.rs|2572|verbs_of|EXTERNAL_TEST_CALLER
RESULT|crates/kayfabe-mocks/src/lib.rs|2699|standalone|EXTERNAL_TEST_CALLER
RESULT|crates/kayfabe-mocks/src/lib.rs|2709|with_guest_ram|INTERNAL_CALLER
RESULT|crates/kayfabe-mocks/src/lib.rs|3494|new|INTERNAL_CALLER
RESULT|crates/kayfabe-mocks/src/lib.rs|3506|with_pool_size|INTERNAL_CALLER
RESULT|crates/kayfabe-mocks/src/lib.rs|3527|with_guest_ram|EXTERNAL_TEST_CALLER
RESULT|crates/kayfabe-mocks/src/lib.rs|3537|spawned|NO_CALLER_ANYWHERE
RESULT|crates/kayfabe-mocks/src/lib.rs|3619|new|EXTERNAL_TEST_CALLER
RESULT|crates/kayfabe-mocks/src/watchdog.rs|70|limit_or_env|INTERNAL_CALLER
RESULT|crates/kayfabe-mocks/src/watchdog.rs|85|write_uncaptured|INTERNAL_CALLER
RESULT|crates/kayfabe-mocks/src/watchdog.rs|108|thread_report|INTERNAL_CALLER
RESULT|crates/kayfabe-qemu-raw/src/lib.rs|110|build_rev|NO_CALLER_ANYWHERE
RESULT|crates/kayfabe-qemu-raw/src/shim.rs|333|code|INTERNAL_CALLER
RESULT|crates/kayfabe-qemu-raw/src/shim.rs|344|classify|INTERNAL_CALLER
RESULT|crates/kayfabe-qemu-raw/src/shim.rs|381|classify_realize|INTERNAL_CALLER
RESULT|crates/kayfabe-qemu-raw/src/shim.rs|403|bar_from_index|INTERNAL_CALLER
RESULT|crates/kayfabe-qemu-raw/src/shim.rs|414|bar_index|INTERNAL_CALLER
RESULT|crates/kayfabe-qemu-raw/src/shim.rs|455|placements|INTERNAL_CALLER
RESULT|crates/kayfabe-qemu-raw/src/shim.rs|523|desc|INTERNAL_CALLER
RESULT|crates/kayfabe-qemu-raw/src/shim.rs|595|realize|INTERNAL_CALLER
RESULT|crates/kayfabe-qemu-raw/src/shim.rs|617|machine|INTERNAL_CALLER
RESULT|crates/kayfabe-qemu-raw/src/shim.rs|622|unrealize|INTERNAL_CALLER
RESULT|crates/kayfabe-qemu-raw/src/shim.rs|633|install_window|INTERNAL_CALLER
RESULT|crates/kayfabe-qemu-raw/src/shim.rs|644|region_add|INTERNAL_CALLER
RESULT|crates/kayfabe-qemu-raw/src/shim.rs|649|region_del|INTERNAL_CALLER
RESULT|crates/kayfabe-qemu-raw/src/shim.rs|660|bar_move_requested|INTERNAL_CALLER
RESULT|crates/kayfabe-qemu-raw/src/shim.rs|678|note_bar_mapping|INTERNAL_CALLER
RESULT|crates/kayfabe-qemu-raw/src/shim.rs|715|audit|INTERNAL_CALLER
RESULT|crates/kayfabe-qemu-raw/src/shim.rs|838|new|INTERNAL_CALLER
RESULT|crates/kayfabe-qemu-raw/src/shim.rs|1241|copy_sentence|INTERNAL_CALLER
RESULT|crates/kayfabe-qemu-raw/src/shim.rs|1300|publication_row|INTERNAL_CALLER
RESULT|crates/kayfabe-qemu-raw/src/shim.rs|2460|classify_chip|INTERNAL_CALLER
RESULT|crates/kayfabe-qemu-raw/src/shim.rs|2522|chip_for|INTERNAL_CALLER
RESULT|crates/kayfabe-qemu-raw/src/shim.rs|2533|chip_identity|INTERNAL_CALLER
RESULT|crates/kayfabe-qemu-raw/src/shim.rs|6228|create|EXTERNAL_TEST_CALLER
RESULT|crates/kayfabe-qemu-raw/src/shim.rs|6246|create_probed|INTERNAL_CALLER
RESULT|crates/kayfabe-qemu-raw/src/shim.rs|6412|plane|EXTERNAL_TEST_CALLER
RESULT|crates/kayfabe-qemu-raw/src/shim.rs|6439|object_model|EXTERNAL_TEST_CALLER
RESULT|crates/kayfabe-qemu-raw/src/shim.rs|6452|completion_watch|EXTERNAL_TEST_CALLER
RESULT|crates/kayfabe-qemu-raw/src/shim.rs|6472|attach_ram|INTERNAL_CALLER
RESULT|crates/kayfabe-qemu-raw/src/shim.rs|6622|report_stated_guest_ram_at|INTERNAL_CALLER
RESULT|crates/kayfabe-qemu-raw/src/shim.rs|6740|stated_guest_ram|NO_CALLER_ANYWHERE
RESULT|crates/kayfabe-qemu-raw/src/shim.rs|6749|guest_ram_backing|NO_CALLER_ANYWHERE
RESULT|crates/kayfabe-qemu-raw/src/shim.rs|6760|detach_ram|INTERNAL_CALLER
RESULT|crates/kayfabe-qemu-raw/src/shim.rs|6774|read|INTERNAL_CALLER
RESULT|crates/kayfabe-qemu-raw/src/shim.rs|6788|write|INTERNAL_CALLER
RESULT|crates/kayfabe-qemu-raw/src/shim.rs|6838|reset|INTERNAL_CALLER
RESULT|crates/kayfabe-qemu-raw/src/shim.rs|6849|audit|INTERNAL_CALLER
RESULT|crates/kayfabe-qemu-raw/src/shim.rs|7652|as_str|INTERNAL_CALLER
RESULT|crates/kayfabe-qemu-raw/src/shim.rs|7664|parse|INTERNAL_CALLER
RESULT|crates/kayfabe-qemu-raw/src/shim.rs|7688|isolate_plane_from|INTERNAL_CALLER
RESULT|crates/kayfabe-qemu-raw/src/shim.rs|7787|parse|INTERNAL_CALLER
RESULT|crates/kayfabe-qemu-raw/src/shim.rs|7804|guest_ram_source_from|INTERNAL_CALLER
RESULT|crates/kayfabe-qemu-raw/src/shim.rs|7844|guest_ram_is_reachable_on|INTERNAL_CALLER
RESULT|crates/kayfabe-qemu-raw/src/shim.rs|7959|forwarding_plane_owns_ce|INTERNAL_CALLER
RESULT|crates/kayfabe-qemu-raw/src/shim.rs|7999|parse|INTERNAL_CALLER
RESULT|crates/kayfabe-qemu-raw/src/shim.rs|8013|ce_executor_from|INTERNAL_CALLER
RESULT|crates/kayfabe-qemu-raw/src/shim.rs|8056|fb_backing_from|INTERNAL_CALLER
RESULT|crates/kayfabe-qemu-raw/src/shim.rs|8097|pt_witness_exec_from|INTERNAL_CALLER
RESULT|crates/kayfabe-qemu-raw/src/shim.rs|8140|selected_mc_service_budget|INTERNAL_CALLER
RESULT|crates/kayfabe-qemu-raw/src/shim.rs|8179|isolate_factory|INTERNAL_CALLER
RESULT|crates/kayfabe-qemu-raw/src/shim_unsafe.rs|760|engine_kind_c_name|INTERNAL_CALLER
RESULT|crates/kayfabe-rmrpc/src/fault.rs|119|deliver|EXTERNAL_TEST_CALLER
RESULT|crates/kayfabe-rmrpc/src/lib.rs|1073|translate|INTERNAL_CALLER
RESULT|crates/kayfabe-rmrpc/src/lib.rs|1219|alloc_params_window|INTERNAL_CALLER
RESULT|crates/kayfabe-rmrpc/src/policy.rs|107|of|EXTERNAL_TEST_CALLER
RESULT|crates/kayfabe-rmrpc/src/policy.rs|134|is_empty|EXTERNAL_TEST_CALLER
RESULT|crates/kayfabe-rmrpc/src/policy.rs|199|new|NO_CALLER_ANYWHERE
RESULT|crates/kayfabe-rmrpc/src/policy.rs|395|new|NO_CALLER_ANYWHERE
RESULT|crates/kayfabe-rmrpc/src/policy.rs|504|new|NO_CALLER_ANYWHERE
RESULT|crates/kayfabe-rmrpc/src/policy.rs|959|new|EXTERNAL_TEST_CALLER
RESULT|crates/kayfabe-rmrpc/src/policy.rs|967|with_limits|INTERNAL_CALLER
RESULT|crates/kayfabe-rmrpc/src/policy.rs|985|reassembler|NO_CALLER_ANYWHERE
RESULT|crates/kayfabe-rmrpc/src/policy.rs|995|census|EXTERNAL_TEST_CALLER
RESULT|crates/kayfabe-rmrpc/src/policy.rs|1002|refusal_census|NO_CALLER_ANYWHERE
RESULT|crates/kayfabe-rmrpc/src/policy.rs|1010|promote_diag|NO_CALLER_ANYWHERE
RESULT|crates/kayfabe-rmrpc/src/policy.rs|1018|ring_census|NO_CALLER_ANYWHERE
RESULT|crates/kayfabe-rmrpc/src/policy.rs|1028|applied|EXTERNAL_TEST_CALLER
RESULT|crates/kayfabe-rmrpc/src/policy.rs|1039|inert|EXTERNAL_TEST_CALLER
RESULT|crates/kayfabe-rmrpc/src/policy.rs|1052|held|EXTERNAL_TEST_CALLER
RESULT|crates/kayfabe-rmrpc/src/policy.rs|1064|promoted|EXTERNAL_TEST_CALLER
RESULT|crates/kayfabe-rmrpc/src/policy.rs|1070|gpu|EXTERNAL_TEST_CALLER
RESULT|crates/kayfabe-rmrpc/src/policy.rs|1084|deliver|INTERNAL_CALLER
RESULT|crates/kayfabe-rmrpc/src/policy.rs|1712|new|EXTERNAL_TEST_CALLER
RESULT|crates/kayfabe-rmrpc/src/policy.rs|1723|with_limits|INTERNAL_CALLER
RESULT|crates/kayfabe-rmrpc/src/policy.rs|1793|mc_service_state|EXTERNAL_TEST_CALLER
RESULT|crates/kayfabe-rmrpc/src/policy.rs|1800|claims|INTERNAL_CALLER
RESULT|crates/kayfabe-rmrpc/src/policy.rs|1810|census|EXTERNAL_TEST_CALLER
RESULT|crates/kayfabe-rmrpc/src/policy.rs|1840|applied|EXTERNAL_TEST_CALLER
RESULT|crates/kayfabe-rmrpc/src/policy.rs|1853|gpu|EXTERNAL_TEST_CALLER
RESULT|crates/kayfabe-rmrpc/src/policy.rs|1864|gpu_mut|EXTERNAL_TEST_CALLER
RESULT|crates/kayfabe-rmrpc/src/policy.rs|1878|deliver|INTERNAL_CALLER
RESULT|crates/kayfabe-rmrpc/src/policy.rs|2686|new|INTERNAL_CALLER
RESULT|crates/kayfabe-rmrpc/src/policy.rs|2735|claims|INTERNAL_CALLER
RESULT|crates/kayfabe-rmrpc/src/policy.rs|2741|snapshot|NO_CALLER_ANYWHERE
RESULT|crates/kayfabe-rmrpc/src/reasm.rs|204|new|EXTERNAL_TEST_CALLER
RESULT|crates/kayfabe-rmrpc/src/reasm.rs|210|with_limits|INTERNAL_CALLER
RESULT|crates/kayfabe-rmrpc/src/reasm.rs|216|limits|NO_CALLER_ANYWHERE
RESULT|crates/kayfabe-rmrpc/src/reasm.rs|226|in_flight|INTERNAL_CALLER
RESULT|crates/kayfabe-rmrpc/src/reasm.rs|235|held_bytes|EXTERNAL_TEST_CALLER
RESULT|crates/kayfabe-rmrpc/src/reasm.rs|245|accept|INTERNAL_CALLER
RESULT|crates/kayfabe-rt/src/ceutils.rs|291|new|INTERNAL_CALLER
RESULT|crates/kayfabe-rt/src/ceutils.rs|1037|census_gr_addresses|NO_CALLER_ANYWHERE
RESULT|crates/kayfabe-rt/src/completion_watch.rs|114|report_bytes|NO_CALLER_ANYWHERE
RESULT|crates/kayfabe-rt/src/completion_watch.rs|137|decode_report_semaphore|INTERNAL_CALLER
RESULT|crates/kayfabe-rt/src/completion_watch.rs|313|decode_address_operands|INTERNAL_CALLER
RESULT|crates/kayfabe-rt/src/completion_watch.rs|527|line|NO_CALLER_ANYWHERE
RESULT|crates/kayfabe-rt/src/completion_watch.rs|646|new|NO_CALLER_ANYWHERE
RESULT|crates/kayfabe-rt/src/completion_watch.rs|664|live|NO_CALLER_ANYWHERE
RESULT|crates/kayfabe-rt/src/completion_watch.rs|706|sweep|NO_CALLER_ANYWHERE
RESULT|crates/kayfabe-rt/src/cpu_ce.rs|152|execute_ours|INTERNAL_CALLER
RESULT|crates/kayfabe-rt/src/cpu_ce.rs|240|execute_ours_spans|INTERNAL_CALLER
RESULT|crates/kayfabe-rt/src/cpu_ce.rs|370|record|INTERNAL_CALLER
RESULT|crates/kayfabe-rt/src/cpu_ce.rs|409|resolve_releases|INTERNAL_CALLER
RESULT|crates/kayfabe-rt/src/cpu_ce.rs|454|write_resolved_completion|INTERNAL_CALLER
RESULT|crates/kayfabe-rt/src/cpu_ce.rs|543|write_completion|EXTERNAL_TEST_CALLER
RESULT|crates/kayfabe-rt/src/device.rs|755|pool_waits|EXTERNAL_TEST_CALLER
RESULT|crates/kayfabe-rt/src/device.rs|763|into_gpu|EXTERNAL_TEST_CALLER
RESULT|crates/kayfabe-rt/src/device.rs|808|apply|EXTERNAL_TEST_CALLER
RESULT|crates/kayfabe-rt/src/device.rs|1071|pump_completions|INTERNAL_CALLER
RESULT|crates/kayfabe-rt/src/device.rs|1082|completion_poll|EXTERNAL_TEST_CALLER
RESULT|crates/kayfabe-rt/src/device.rs|1096|completions_drained|EXTERNAL_TEST_CALLER
RESULT|crates/kayfabe-rt/src/device.rs|1115|reap_retired|INTERNAL_CALLER
RESULT|crates/kayfabe-rt/src/device.rs|1285|pt_page_owner|EXTERNAL_TEST_CALLER
RESULT|crates/kayfabe-rt/src/device.rs|1365|drain_pending_releases|EXTERNAL_TEST_CALLER
RESULT|crates/kayfabe-rt/src/device.rs|1407|retired_len|EXTERNAL_TEST_CALLER
RESULT|crates/kayfabe-rt/src/device.rs|1415|register_source|EXTERNAL_TEST_CALLER
RESULT|crates/kayfabe-rt/src/device.rs|1426|take_pending_wake|EXTERNAL_TEST_CALLER
RESULT|crates/kayfabe-rt/src/device.rs|1621|cancel_handle|EXTERNAL_TEST_CALLER
RESULT|crates/kayfabe-rt/src/device.rs|1649|request_cancel|EXTERNAL_TEST_CALLER
RESULT|crates/kayfabe-rt/src/device.rs|1696|declare_wedged|EXTERNAL_TEST_CALLER
RESULT|crates/kayfabe-rt/src/device.rs|2414|parse_pushbuffer|INTERNAL_CALLER
RESULT|crates/kayfabe-rt/src/device.rs|2474|forward_ce|INTERNAL_CALLER
RESULT|crates/kayfabe-rt/src/device.rs|2512|submit_ring|EXTERNAL_TEST_CALLER
RESULT|crates/kayfabe-rt/src/device.rs|2549|decode_pt_writes|EXTERNAL_TEST_CALLER
RESULT|crates/kayfabe-rt/src/device.rs|2933|publish_backing|EXTERNAL_TEST_CALLER
RESULT|crates/kayfabe-rt/src/device.rs|3001|back_fb_leaf|EXTERNAL_TEST_CALLER
RESULT|crates/kayfabe-rt/src/device.rs|3027|forward_engine_object|EXTERNAL_TEST_CALLER
RESULT|crates/kayfabe-rt/src/device.rs|3061|forward_engine_object_by_parent|INTERNAL_CALLER
RESULT|crates/kayfabe-rt/src/device.rs|3304|route_control|EXTERNAL_TEST_CALLER
RESULT|crates/kayfabe-rt/src/device.rs|3352|retire_proc|INTERNAL_CALLER
RESULT|crates/kayfabe-rt/src/device.rs|3392|gate_working_set|EXTERNAL_TEST_CALLER
RESULT|crates/kayfabe-rt/src/device.rs|3433|signal_source|INTERNAL_CALLER
RESULT|crates/kayfabe-rt/src/device.rs|3850|route_of_engine|INTERNAL_CALLER
RESULT|crates/kayfabe-rt/src/executor.rs|66|new|EXTERNAL_TEST_CALLER
RESULT|crates/kayfabe-rt/src/executor.rs|72|device|NO_CALLER_ANYWHERE
RESULT|crates/kayfabe-rt/src/executor.rs|79|drain_one|INTERNAL_CALLER
RESULT|crates/kayfabe-rt/src/executor.rs|111|drain_all|INTERNAL_CALLER
RESULT|crates/kayfabe-rt/src/executor.rs|166|new|EXTERNAL_TEST_CALLER
RESULT|crates/kayfabe-rt/src/executor.rs|173|sequence|INTERNAL_CALLER
RESULT|crates/kayfabe-rt/src/executor.rs|178|stop|EXTERNAL_TEST_CALLER
RESULT|crates/kayfabe-rt/src/executor.rs|188|is_stopping|INTERNAL_CALLER
RESULT|crates/kayfabe-rt/src/executor.rs|198|park|INTERNAL_CALLER
RESULT|crates/kayfabe-rt/src/executor.rs|228|run_until_stopped|EXTERNAL_TEST_CALLER
RESULT|crates/kayfabe-rt/src/inbox.rs|88|try_pop|INTERNAL_CALLER
RESULT|crates/kayfabe-rt/src/inbox.rs|94|sender|NO_CALLER_ANYWHERE
RESULT|crates/kayfabe-rt/src/inbox.rs|102|len|INTERNAL_CALLER
RESULT|crates/kayfabe-rt/src/inbox.rs|108|is_empty|NO_CALLER_ANYWHERE
RESULT|crates/kayfabe-rt/src/inbox.rs|115|inbox|EXTERNAL_TEST_CALLER
RESULT|crates/kayfabe-shell/src/reactor.rs|164|registrar|NO_CALLER_ANYWHERE
RESULT|crates/kayfabe-shell/src/reactor.rs|185|wake|EXTERNAL_TEST_CALLER
RESULT|crates/kayfabe-shell/src/reactor.rs|196|shutdown|EXTERNAL_TEST_CALLER
RESULT|crates/kayfabe-shell/src/reactor.rs|203|stats|EXTERNAL_TEST_CALLER
RESULT|crates/kayfabe-shell/src/reactor.rs|240|new|EXTERNAL_TEST_CALLER
RESULT|crates/kayfabe-shell/src/reactor.rs|277|stats|NO_CALLER_ANYWHERE
RESULT|crates/kayfabe-shell/src/reactor.rs|289|run|NO_CALLER_ANYWHERE
RESULT|crates/kayfabe-shell/src/reactor.rs|303|run_with|INTERNAL_CALLER
RESULT|crates/kayfabe-shell/src/sources.rs|150|of|EXTERNAL_TEST_CALLER
RESULT|crates/kayfabe-shell/src/sources.rs|258|new|EXTERNAL_TEST_CALLER
RESULT|crates/kayfabe-shell/src/sources.rs|274|with_bound|INTERNAL_CALLER
RESULT|crates/kayfabe-shell/src/sources.rs|284|bound|EXTERNAL_TEST_CALLER
RESULT|crates/kayfabe-shell/src/sources.rs|290|armed|INTERNAL_CALLER
RESULT|crates/kayfabe-shell/src/sources.rs|308|arm|INTERNAL_CALLER
RESULT|crates/kayfabe-shell/src/sources.rs|361|disarm|INTERNAL_CALLER
RESULT|crates/kayfabe-shell/src/sources.rs|398|arm_counter|EXTERNAL_TEST_CALLER
RESULT|crates/kayfabe-shell/src/sources.rs|415|arm_channel|EXTERNAL_TEST_CALLER
RESULT|crates/kayfabe-shell/src/sources.rs|433|disarm_all|EXTERNAL_TEST_CALLER
RESULT|crates/kayfabe-shell/src/sources.rs|444|armed_ever|EXTERNAL_TEST_CALLER
RESULT|crates/kayfabe-shell/src/sources.rs|456|resolve|INTERNAL_CALLER
RESULT|crates/kayfabe-shell/src/sources.rs|491|poller|INTERNAL_CALLER
RESULT|crates/kayfabe-trace/src/budget.rs|46|bump|INTERNAL_CALLER
RESULT|crates/kayfabe-trace/src/budget.rs|53|of|INTERNAL_CALLER
RESULT|crates/kayfabe-trace/src/budget.rs|59|total|EXTERNAL_TEST_CALLER
RESULT|crates/kayfabe-trace/src/budget.rs|70|silent_kinds|EXTERNAL_TEST_CALLER
RESULT|crates/kayfabe-trace/src/budget.rs|79|seen_kinds|EXTERNAL_TEST_CALLER
RESULT|crates/kayfabe-trace/src/budget.rs|89|is_silent|EXTERNAL_TEST_CALLER
RESULT|crates/kayfabe-trace/src/budget.rs|95|wire_total|INTERNAL_CALLER
RESULT|crates/kayfabe-trace/src/budget.rs|105|core_total|EXTERNAL_TEST_CALLER
RESULT|crates/kayfabe-trace/src/budget.rs|112|absorb|NO_CALLER_ANYWHERE
RESULT|crates/kayfabe-trace/src/event.rs|132|bytes|EXTERNAL_TEST_CALLER
RESULT|crates/kayfabe-trace/src/event.rs|380|of|EXTERNAL_TEST_CALLER
RESULT|crates/kayfabe-trace/src/event.rs|650|index|INTERNAL_CALLER
RESULT|crates/kayfabe-trace/src/event.rs|673|is_wire|INTERNAL_CALLER
RESULT|crates/kayfabe-trace/src/event.rs|712|kind|INTERNAL_CALLER
RESULT|crates/kayfabe-trace/src/event.rs|738|refusal|EXTERNAL_TEST_CALLER
RESULT|crates/kayfabe-trace/src/sink.rs|108|new|EXTERNAL_TEST_CALLER
RESULT|crates/kayfabe-trace/src/sink.rs|116|records|EXTERNAL_TEST_CALLER
RESULT|crates/kayfabe-trace/src/sink.rs|122|len|EXTERNAL_TEST_CALLER
RESULT|crates/kayfabe-trace/src/sink.rs|128|is_empty|NO_CALLER_ANYWHERE
RESULT|crates/kayfabe-trace/src/sink.rs|137|projection|EXTERNAL_TEST_CALLER
RESULT|crates/kayfabe-trace/src/sink.rs|142|filter|EXTERNAL_TEST_CALLER
RESULT|crates/kayfabe-trace/src/sink.rs|199|new|EXTERNAL_TEST_CALLER
RESULT|crates/kayfabe-trace/src/sink.rs|208|trace|EXTERNAL_TEST_CALLER
RESULT|crates/kayfabe-trace/src/sink.rs|214|counters|EXTERNAL_TEST_CALLER
RESULT|crates/kayfabe-trace/src/sink.rs|220|sink|EXTERNAL_TEST_CALLER
RESULT|crates/kayfabe-trace/src/sink.rs|225|sink_mut|NO_CALLER_ANYWHERE
RESULT|crates/kayfabe-trace/src/sink.rs|231|into_sink|EXTERNAL_TEST_CALLER
RESULT|crates/kayfabe-trace/src/sink.rs|278|is_enabled|EXTERNAL_TEST_CALLER
RESULT|crates/kayfabe-trace/src/sink.rs|288|emit|EXTERNAL_TEST_CALLER
RESULT|crates/kayfabe-trace/src/sink.rs|300|emit_now|NO_CALLER_ANYWHERE
RESULT|crates/kayfabe-trace/src/sink.rs|310|next_seq|EXTERNAL_TEST_CALLER
RESULT|crates/kayfabe-util/src/interval_map.rs|72|new|NO_CALLER_ANYWHERE
RESULT|crates/kayfabe-util/src/interval_map.rs|86|is_empty|NO_CALLER_ANYWHERE
RESULT|crates/kayfabe-util/src/interval_map.rs|153|next_from|INTERNAL_CALLER
RESULT|crates/kayfabe-util/src/lock.rs|93|bit|INTERNAL_CALLER
RESULT|crates/kayfabe-util/src/lock.rs|153|held_rank_mask|NO_CALLER_ANYWHERE
RESULT|crates/kayfabe-util/src/lock.rs|170|acquisitions|EXTERNAL_TEST_CALLER
RESULT|crates/kayfabe-util/src/lockwitness.rs|87|note_acquired|INTERNAL_CALLER
RESULT|crates/kayfabe-util/src/lockwitness.rs|98|note_released|INTERNAL_CALLER
RESULT|crates/kayfabe-util/src/lockwitness.rs|117|held_ranks|INTERNAL_CALLER
RESULT|crates/kayfabe-util/src/lockwitness.rs|127|acquisitions|INTERNAL_CALLER
RESULT|crates/kayfabe-util/src/time.rs|31|since|NO_CALLER_ANYWHERE
RESULT|crates/kayfabe-vmm-kvm/src/lib.rs|830|realize|EXTERNAL_TEST_CALLER
RESULT|crates/kayfabe-vmm-kvm/src/lib.rs|893|vmm|INTERNAL_CALLER
RESULT|crates/kayfabe-vmm-kvm/src/lib.rs|901|page_size|EXTERNAL_TEST_CALLER
RESULT|crates/kayfabe-vmm-kvm/src/lib.rs|907|memslot_ceiling|EXTERNAL_TEST_CALLER
RESULT|crates/kayfabe-vmm-kvm/src/lib.rs|935|install_ram_window|EXTERNAL_TEST_CALLER
RESULT|crates/kayfabe-vmm-kvm/src/lib.rs|1129|remove_window|INTERNAL_CALLER
RESULT|crates/kayfabe-vmm-kvm/src/lib.rs|1221|declare_device_window|NO_CALLER_ANYWHERE
RESULT|crates/kayfabe-vmm-kvm/src/lib.rs|1242|register_backing|EXTERNAL_TEST_CALLER
RESULT|crates/kayfabe-vmm-kvm/src/lib.rs|1272|resolve_region|EXTERNAL_TEST_CALLER
RESULT|crates/kayfabe-vmm-kvm/src/lib.rs|1279|audit|EXTERNAL_TEST_CALLER
RESULT|crates/kayfabe-vmm-kvm/src/lib.rs|1291|assert_map_matches_the_kernel|EXTERNAL_TEST_CALLER
RESULT|crates/kayfabe-vmm-kvm/src/lib.rs|1371|advance|EXTERNAL_TEST_CALLER
RESULT|crates/kayfabe-vmm-kvm/src/lib.rs|1385|drain_irqs|EXTERNAL_TEST_CALLER
RESULT|crates/kayfabe-vmm-kvm/src/lib.rs|1442|audit|NO_CALLER_ANYWHERE
RESULT|crates/kayfabe-vmm-kvm/src/slotnum.rs|69|new|INTERNAL_CALLER
RESULT|crates/kayfabe-vmm-kvm/src/slotnum.rs|80|ceiling|INTERNAL_CALLER
RESULT|crates/kayfabe-vmm-kvm/src/slotnum.rs|86|recycled|INTERNAL_CALLER
RESULT|crates/kayfabe-vmm-kvm/src/slotnum.rs|92|live|NO_CALLER_ANYWHERE
RESULT|crates/kayfabe-vmm-kvm/src/slotnum.rs|107|alloc|INTERNAL_CALLER
RESULT|crates/kayfabe-vmm-kvm/src/slotnum.rs|138|release|INTERNAL_CALLER
RESULT|crates/kayfabe-vmm-kvm/src/vcpu.rs|152|create_vcpu|EXTERNAL_TEST_CALLER
RESULT|crates/kayfabe-vmm-kvm/src/vcpu.rs|200|classify_guest_exit|EXTERNAL_TEST_CALLER
RESULT|crates/kayfabe-vmm-kvm/src/vcpu.rs|218|enter_at|EXTERNAL_TEST_CALLER
RESULT|crates/kayfabe-vmm-kvm/src/vcpu.rs|228|report|EXTERNAL_TEST_CALLER
RESULT|crates/kayfabe-vmm-kvm/src/vcpu.rs|234|first_ram_declared_exit|EXTERNAL_TEST_CALLER
RESULT|crates/kayfabe-vmm-kvm/src/vcpu.rs|250|run_until|EXTERNAL_TEST_CALLER
RESULT|crates/kayfabe-vmm-qemu/src/classify.rs|50|is_ram|INTERNAL_CALLER
RESULT|crates/kayfabe-vmm-qemu/src/classify.rs|62|classify|INTERNAL_CALLER
RESULT|crates/kayfabe-vmm-qemu/src/host.rs|121|plain_ram|EXTERNAL_TEST_CALLER
RESULT|crates/kayfabe-vmm-qemu/src/host.rs|133|device|EXTERNAL_TEST_CALLER
RESULT|crates/kayfabe-vmm-qemu/src/layout.rs|231|new|EXTERNAL_TEST_CALLER
RESULT|crates/kayfabe-vmm-qemu/src/layout.rs|242|saw|INTERNAL_CALLER
RESULT|crates/kayfabe-vmm-qemu/src/layout.rs|254|census|INTERNAL_CALLER
RESULT|crates/kayfabe-vmm-qemu/src/layout.rs|263|state|INTERNAL_CALLER
RESULT|crates/kayfabe-vmm-qemu/src/layout.rs|269|forget|INTERNAL_CALLER
RESULT|crates/kayfabe-vmm-qemu/src/layout.rs|276|clear|NO_CALLER_ANYWHERE
RESULT|crates/kayfabe-vmm-qemu/src/layout.rs|282|stated_sections|INTERNAL_CALLER
RESULT|crates/kayfabe-vmm-qemu/src/layout.rs|298|contiguous_runs|INTERNAL_CALLER
RESULT|crates/kayfabe-vmm-qemu/src/layout.rs|308|contiguous_runs_ever|INTERNAL_CALLER
RESULT|crates/kayfabe-vmm-qemu/src/layout.rs|344|backings_seen|INTERNAL_CALLER
RESULT|crates/kayfabe-vmm-qemu/src/layout.rs|367|resolve|INTERNAL_CALLER
RESULT|crates/kayfabe-vmm-qemu/src/lib.rs|253|passthrough|INTERNAL_CALLER
RESULT|crates/kayfabe-vmm-qemu/src/lib.rs|292|shareable|NO_CALLER_ANYWHERE
RESULT|crates/kayfabe-vmm-qemu/src/lib.rs|1158|install_tiered_window|INTERNAL_CALLER
RESULT|crates/kayfabe-vmm-qemu/src/lib.rs|1394|page_size|NO_CALLER_ANYWHERE
RESULT|crates/kayfabe-vmm-qemu/src/lib.rs|1400|slot_range|EXTERNAL_TEST_CALLER
RESULT|crates/kayfabe-vmm-qemu/src/lib.rs|1418|register_backing|EXTERNAL_TEST_CALLER
RESULT|crates/kayfabe-vmm-qemu/src/lib.rs|1444|resolve_region|EXTERNAL_TEST_CALLER
RESULT|crates/kayfabe-vmm-qemu/src/lib.rs|1451|tiers|EXTERNAL_TEST_CALLER
RESULT|crates/kayfabe-vmm-qemu/src/lib.rs|1485|assert_map_matches_the_kernel|EXTERNAL_TEST_CALLER
RESULT|crates/kayfabe-vmm-qemu/src/lib.rs|1593|advance|EXTERNAL_TEST_CALLER
RESULT|crates/kayfabe-vmm-qemu/src/lib.rs|1777|resolve_guest_ram|EXTERNAL_TEST_CALLER
RESULT|crates/kayfabe-vmm-qemu/src/lib.rs|1892|remove_window|INTERNAL_CALLER
RESULT|crates/kayfabe-vmm-qemu/src/lib.rs|1981|audit|NO_CALLER_ANYWHERE
RESULT|crates/kayfabe-vmm-qemu/src/mock_host.rs|147|new|INTERNAL_CALLER
RESULT|crates/kayfabe-vmm-qemu/src/mock_host.rs|153|with_policy|INTERNAL_CALLER
RESULT|crates/kayfabe-vmm-qemu/src/mock_host.rs|164|log|EXTERNAL_TEST_CALLER
RESULT|crates/kayfabe-vmm-qemu/src/mock_host.rs|170|irqs|EXTERNAL_TEST_CALLER
RESULT|crates/kayfabe-vmm-qemu/src/mock_host.rs|176|discard_disabled|EXTERNAL_TEST_CALLER
RESULT|crates/kayfabe-vmm-qemu/src/mock_host.rs|183|blockers|EXTERNAL_TEST_CALLER
RESULT|crates/kayfabe-vmm-qemu/src/mock_host.rs|189|listening|EXTERNAL_TEST_CALLER
RESULT|crates/kayfabe-vmm-qemu/src/mock_host.rs|200|live_regions|EXTERNAL_TEST_CALLER
RESULT|crates/kayfabe-vmm-qemu/src/mock_host.rs|213|region_bytes|EXTERNAL_TEST_CALLER
RESULT|crates/kayfabe-vmm-qemu/src/mock_host.rs|225|mint_foreign|INTERNAL_CALLER
RESULT|crates/kayfabe-vmm-qemu/src/mock_host.rs|245|mint_foreign_slice|INTERNAL_CALLER
RESULT|crates/kayfabe-vmm-qemu/src/mock_host.rs|289|mint_backed|EXTERNAL_TEST_CALLER
RESULT|crates/kayfabe-vmm-qemu/src/mock_host.rs|308|place_bar|EXTERNAL_TEST_CALLER
RESULT|crates/kayfabe-vmm-qemu/src/mock_host.rs|321|move_bar|EXTERNAL_TEST_CALLER
RESULT|crates/kayfabe-vmm-qemu/src/mock_host.rs|500|bar|NO_CALLER_ANYWHERE
RESULT|crates/kayfabe-vmm-qemu/src/mock_host.rs|579|new|EXTERNAL_TEST_CALLER
RESULT|crates/kayfabe-vmm-qemu/src/mock_host.rs|593|live|EXTERNAL_TEST_CALLER
RESULT|crates/kayfabe-vmm-qemu/src/mock_host.rs|601|installs|EXTERNAL_TEST_CALLER
RESULT|crates/kayfabe-vmm-qemu/src/mock_host.rs|608|clears|EXTERNAL_TEST_CALLER
RESULT|crates/kayfabe-vmm-qemu/src/mock_host.rs|614|read_only_installs|EXTERNAL_TEST_CALLER
RESULT|crates/kayfabe-vmm-qemu/src/mock_host.rs|628|replaces|EXTERNAL_TEST_CALLER
RESULT|crates/kayfabe-vmm-qemu/src/slots.rs|119|new|EXTERNAL_TEST_CALLER
RESULT|crates/kayfabe-vmm-qemu/src/slots.rs|223|new|INTERNAL_CALLER
RESULT|crates/kayfabe-vmm-qemu/src/slots.rs|242|ceiling|INTERNAL_CALLER
RESULT|crates/kayfabe-vmm-qemu/src/slots.rs|248|floor|INTERNAL_CALLER
RESULT|crates/kayfabe-vmm-qemu/src/slots.rs|254|recycled|INTERNAL_CALLER
RESULT|crates/kayfabe-vmm-qemu/src/slots.rs|260|live|NO_CALLER_ANYWHERE
RESULT|crates/kayfabe-vmm-qemu/src/slots.rs|272|alloc|INTERNAL_CALLER
RESULT|crates/kayfabe-vmm-qemu/src/slots.rs|303|release|INTERNAL_CALLER
RESULT|crates/kayfabe-vmm-qemu/src/slots.rs|349|readonly_slot|INTERNAL_CALLER
RESULT|crates/kayfabe-vmm-qemu/src/slots.rs|375|spans|INTERNAL_CALLER
RESULT|crates/kayfabe-vmm-qemu/src/viewer_install.rs|481|mappings|INTERNAL_CALLER
RESULT|crates/kayfabe-vmm-qemu/src/viewer_install.rs|493|observe_ranges|INTERNAL_CALLER
RESULT|crates/kayfabe-vmm-qemu/src/viewer_install.rs|607|new|EXTERNAL_TEST_CALLER
RESULT|crates/kayfabe-vmm-qemu/src/viewer_install.rs|662|drain_and_install|EXTERNAL_TEST_CALLER
RESULT|crates/kayfabe-vmm-qemu/src/viewer_install.rs|843|assert_effective_cacheability|EXTERNAL_TEST_CALLER
RESULT|crates/kayfabe-vmm-qemu/src/viewer_install.rs|871|place_content|EXTERNAL_TEST_CALLER
RESULT|crates/kayfabe-vmm-qemu/src/viewer_install.rs|966|mergeable|INTERNAL_CALLER
RESULT|crates/kayfabe-vmm-qemu/src/viewer_install.rs|976|census_of|INTERNAL_CALLER
RESULT|crates/kayfabe-vmm-qemu/src/viewer_install.rs|1008|tier_at|EXTERNAL_TEST_CALLER
