control	00730102		None	None	None	true	Denied(NotOnAllowlist)	None	[]	false	[]
control	00730108		None	None	None	true	Denied(NotOnAllowlist)	None	[]	false	[]
control	0073010a		None	None	None	false	Denied(NotOnAllowlist)	None	[]	false	[]
control	0073010c		None	None	None	true	Denied(NotOnAllowlist)	None	[]	false	[]
control	00730122		None	None	None	false	Denied(NotOnAllowlist)	None	[]	false	[]
control	00730128		None	None	None	false	Denied(NotOnAllowlist)	None	[]	false	[]
control	0073012c		None	None	None	false	Denied(NotOnAllowlist)	None	[]	false	[]
control	00730250		None	None	None	true	Denied(NotOnAllowlist)	None	[]	false	[]
control	00730280		None	None	None	false	Denied(NotOnAllowlist)	None	[]	false	[]
control	00730282		None	None	None	false	Denied(NotOnAllowlist)	None	[]	false	[]
control	0073028b		None	None	None	true	Denied(NotOnAllowlist)	None	[]	false	[]
control	007302a4		None	None	None	true	Denied(NotOnAllowlist)	None	[]	false	[]
control	007302a5		None	None	None	false	Denied(NotOnAllowlist)	None	[]	false	[]
control	00731140		None	None	None	true	Denied(NotOnAllowlist)	None	[]	false	[]
control	00731142		None	None	None	true	Denied(NotOnAllowlist)	None	[]	false	[]
control	00731144		None	None	None	false	Denied(NotOnAllowlist)	None	[]	false	[]
control	0073114e		None	None	None	false	Denied(NotOnAllowlist)	None	[]	false	[]
control	00731150		None	None	None	false	Denied(NotOnAllowlist)	None	[]	false	[]
control	00731152		None	None	None	false	Denied(NotOnAllowlist)	None	[]	false	[]
control	00731341		None	None	None	false	Denied(NotOnAllowlist)	None	[]	false	[]
control	00731343		None	None	None	false	Denied(NotOnAllowlist)	None	[]	false	[]
control	00731359		None	None	None	false	Denied(NotOnAllowlist)	None	[]	false	[]
control	00731360		None	None	None	false	Denied(NotOnAllowlist)	None	[]	false	[]
control	00731362		None	None	None	false	Denied(NotOnAllowlist)	None	[]	false	[]
control	00731368		None	None	None	false	Denied(NotOnAllowlist)	None	[]	false	[]
control	00731378		None	None	None	false	Denied(NotOnAllowlist)	None	[]	false	[]
control	00731381		None	None	None	false	Denied(NotOnAllowlist)	None	[]	false	[]
control	00800294		None	None	None	false	Listed { name: "NV0080_CTRL_CMD_GPU_GET_BRAND_CAPS", origin: Empirical }	None	[]	false	[]
control	0080170e	ctrl_limits:NV0080_CTRL_CMD_FIFO_GET_LATENCY_BUFFER_SIZE	None	None	None	false	Denied(NotOnAllowlist)	None	[]	false	[]
control	0080170f		None	None	None	false	Denied(NotOnAllowlist)	None	[]	false	[]
control	00801812		None	None	None	false	Denied(NotOnAllowlist)	None	[]	false	[]
control	20800102		Some(GpuInfoV2)	Some(564)	Some("NV2080_CTRL_GPU_GET_INFO_V2_PARAMS")	false	Listed { name: "NV2080_CTRL_CMD_GPU_GET_INFO_V2", origin: Nvproxy }	None	[]	false	[]
control	2080012b		None	None	None	false	Listed { name: "NV2080_CTRL_CMD_GPU_PROMOTE_CTX", origin: Mode2Rpc }	Some(PromoteCtx)	[]	true	[]
control	2080012d		None	None	None	false	Denied(NotOnAllowlist)	None	[]	false	[]
control	2080012f		None	None	None	false	Listed { name: "NV2080_CTRL_CMD_GPU_QUERY_ECC_STATUS", origin: Nvproxy }	None	[]	false	[]
control	2080014b		None	None	None	false	Listed { name: "NV2080_CTRL_CMD_GPU_GET_INFOROM_OBJECT_VERSION", origin: Nvproxy }	None	[]	false	[]
control	20800156		None	None	None	false	Listed { name: "NV2080_CTRL_CMD_GPU_GET_INFOROM_IMAGE_VERSION", origin: Nvproxy }	None	[]	false	[]
control	20800157		None	None	None	false	Listed { name: "NV2080_CTRL_CMD_GPU_QUERY_INFOROM_ECC_SUPPORT", origin: Nvproxy }	None	[]	false	[]
control	208001a4		None	None	None	false	Denied(NotOnAllowlist)	None	[]	false	[]
control	20800a38		None	None	None	false	Denied(NotOnAllowlist)	None	[]	false	[]
control	20800a9a		None	None	None	false	Denied(NotOnAllowlist)	None	[]	false	[]
control	20800af0		None	None	None	false	Denied(NotOnAllowlist)	None	[]	false	[]
control	20800af1		None	None	None	false	Denied(NotOnAllowlist)	None	[]	false	[]
control	20800af2		None	None	None	false	Denied(NotOnAllowlist)	None	[]	false	[]
control	20800aff		None	None	None	false	Denied(NotOnAllowlist)	None	[]	false	[]
control	2080110b		None	None	None	false	Listed { name: "NV2080_CTRL_CMD_FIFO_DISABLE_CHANNELS", origin: Nvproxy }	None	[]	true	[]
control	20801111		None	None	None	false	Denied(NotOnAllowlist)	None	[]	false	[]
control	20801208		None	None	None	false	Listed { name: "NV2080_CTRL_CMD_GR_CTXSW_ZCULL_BIND", origin: Nvproxy }	None	[]	true	[]
control	20801211		None	None	None	false	Denied(NotOnAllowlist)	None	[]	false	[]
control	20801303		Some(FbGetInfoV2)	Some(1028)	Some("NV2080_CTRL_FB_GET_INFO_V2_PARAMS")	false	Listed { name: "NV2080_CTRL_CMD_FB_GET_INFO_V2", origin: Nvproxy }	None	[]	false	[]
control	20801322		None	None	None	false	Denied(NotOnAllowlist)	None	[]	false	[]
control	20801344		None	None	None	false	Denied(NotOnAllowlist)	None	[]	false	[]
control	20801347		None	None	None	false	Denied(NotOnAllowlist)	None	[]	false	[]
control	20801357		None	None	None	false	Listed { name: "NV2080_CTRL_CMD_FB_QUERY_DRAM_ENCRYPTION_INFOROM_SUPPORT_V575", origin: Nvproxy }	None	[]	false	[]
control	20801813	ctrl_limits:NV2080_CTRL_CMD_BUS_GET_PEX_COUNTERS	None	None	None	false	Denied(NotOnAllowlist)	None	[]	false	[]
control	20801819	ctrl_limits:NV2080_CTRL_CMD_BUS_GET_PEX_UTIL_COUNTERS	None	None	None	false	Denied(NotOnAllowlist)	None	[]	false	[]
control	20801823		Some(BusGetInfoV2)	Some(420)	Some("NV2080_CTRL_BUS_GET_INFO_V2_PARAMS")	false	Listed { name: "NV2080_CTRL_CMD_BUS_GET_INFO_V2", origin: Nvproxy }	None	[]	false	[]
control	20801829		None	None	None	false	Denied(NotOnAllowlist)	None	[]	false	[]
control	20801830		None	None	None	false	Denied(NotOnAllowlist)	None	[]	false	[]
control	20802a08	ctrl_limits:NV2080_CTRL_CMD_CE_GET_FAULT_METHOD_BUFFER_SIZE	Some(CeFaultMethodBufferSize)	Some(4)	Some("NV2080_CTRL_CE_GET_FAULT_METHOD_BUFFER_SIZE_PARAMS")	false	Denied(NotOnAllowlist)	None	[]	false	[]
control	20803083		None	None	None	false	Denied(Refused { name: "NV2080_CTRL_CMD_NVLINK_GET_PLATFORM_INFO", why: FabricManagement })	None	[]	false	[]
control	20803400	ctrl_limits:NV2080_CTRL_CMD_ECC_GET_CLIENT_EXPOSED_COUNTERS	None	None	None	false	Denied(NotOnAllowlist)	None	[]	false	[]
control	20803401	ctrl_limits:NV2080_CTRL_CMD_ECC_GET_VOLATILE_COUNTS	None	None	None	false	Denied(NotOnAllowlist)	None	[]	false	[]
control	20803404		None	None	None	false	Denied(NotOnAllowlist)	None	[]	false	[]
control	20808159		Some(GssLegacy8159)	Some(332)	None	false	GssLegacyRule	None	[]	false	[]
control	2080852a		None	None	None	false	GssLegacyRule	None	[]	false	[]
control	2080852b		None	None	None	false	GssLegacyRule	None	[]	false	[]
control	2080852c		None	None	None	false	GssLegacyRule	None	[]	false	[]
control	2080852e		None	None	None	false	GssLegacyRule	None	[]	false	[]
control	2080852f		None	None	None	false	GssLegacyRule	None	[]	false	[]
control	20808530		None	None	None	false	GssLegacyRule	None	[]	false	[]
control	20808536		None	None	None	false	GssLegacyRule	None	[]	false	[]
control	20808537		None	None	None	false	GssLegacyRule	None	[]	false	[]
control	20808539		None	None	None	false	GssLegacyRule	None	[]	false	[]
control	2080853a		None	None	None	false	GssLegacyRule	None	[]	false	[]
control	20808542		None	None	None	false	GssLegacyRule	None	[]	false	[]
control	20808546		None	None	None	false	GssLegacyRule	None	[]	false	[]
control	2080880f		None	None	None	false	GssLegacyRule	None	[]	false	[]
control	20809001		Some(CudartInit9001)	Some(8)	None	false	GssLegacyRule	None	[]	false	[]
control	20809004		None	None	None	false	GssLegacyRule	None	[]	false	[]
control	20809019		None	None	None	false	GssLegacyRule	None	[]	false	[]
control	2080901b		None	None	None	false	GssLegacyRule	None	[]	false	[]
control	20809029		None	None	None	false	GssLegacyRule	None	[]	false	[]
control	2080902a		None	None	None	false	GssLegacyRule	None	[]	false	[]
control	2080902b		None	None	None	false	GssLegacyRule	None	[]	false	[]
control	2080902c		None	None	None	false	GssLegacyRule	None	[]	false	[]
control	20809037		None	None	None	false	GssLegacyRule	None	[]	false	[]
control	20809038		None	None	None	false	GssLegacyRule	None	[]	false	[]
control	20809063		None	None	None	false	GssLegacyRule	None	[]	false	[]
control	2080a026		None	None	None	false	GssLegacyRule	None	[532]	false	[{"size":532,"inputs":[[0,1024],[8,0],[16,2],[20,1],[24,0],[28,0],[32,0],[36,16],[40,0],[44,0],[48,0]]}]
control	2080a028		None	None	None	false	GssLegacyRule	None	[2192, 2192]	false	[{"size":2192,"inputs":[[0,1],[8,1],[12,1048576],[524,1048576]]},{"size":2192,"inputs":[[0,1],[8,1],[12,1],[524,1]]}]
control	2080a079		None	None	None	false	GssLegacyRule	None	[]	false	[]
control	2080a080		None	None	None	false	GssLegacyRule	None	[]	false	[]
control	2080a081		None	None	None	false	GssLegacyRule	None	[]	false	[]
control	2080a084		None	None	None	false	GssLegacyRule	None	[4]	false	[{"size":4,"inputs":[[0,0]]}]
control	2080a088		None	None	None	false	GssLegacyRule	None	[]	false	[]
control	2080a095		None	None	None	false	GssLegacyRule	None	[]	false	[]
control	2080a0a4		None	None	None	false	GssLegacyRule	None	[]	false	[]
control	2080a0a7		None	None	None	false	GssLegacyRule	None	[]	false	[]
control	2080a0a8		None	None	None	false	GssLegacyRule	None	[]	false	[]
control	2080a0c4		None	None	None	false	GssLegacyRule	None	[]	false	[]
control	2080a0c5		None	None	None	false	GssLegacyRule	None	[]	false	[]
control	2080a0c8		None	None	None	false	GssLegacyRule	None	[]	false	[]
control	2080a0cc		None	None	None	false	GssLegacyRule	None	[]	false	[]
control	2080a0d1		None	None	None	false	GssLegacyRule	None	[]	false	[]
control	2080a0f2		None	None	None	false	GssLegacyRule	None	[]	false	[]
control	2080a612		None	None	None	false	GssLegacyRule	None	[]	false	[]
control	2080a618		None	None	None	false	GssLegacyRule	None	[]	false	[]
control	2080a630		None	None	None	false	GssLegacyRule	None	[]	false	[]
control	2080a637		None	None	None	false	GssLegacyRule	None	[]	false	[]
control	2080a63c		None	None	None	false	GssLegacyRule	None	[]	false	[]
control	2080a801		None	None	None	false	GssLegacyRule	None	[]	false	[]
control	2080b201		None	None	None	false	GssLegacyRule	None	[]	false	[]
control	2080b202		None	None	None	false	GssLegacyRule	None	[]	false	[]
control	2080b209		None	None	None	false	GssLegacyRule	None	[]	false	[]
control	2080b210		None	None	None	false	GssLegacyRule	None	[]	false	[]
control	2080b216		None	None	None	false	GssLegacyRule	None	[]	false	[]
control	2080d02d		None	None	None	false	GssLegacyRule	None	[]	false	[]
control	2080e0af		None	None	None	false	GssLegacyRule	None	[]	false	[]
control	20810108		None	None	None	false	BinApiRule	None	[]	false	[]
control	2081010d		None	None	None	false	BinApiRule	None	[]	false	[]
control	50800101		None	None	None	false	Denied(NotOnAllowlist)	None	[]	false	[]
control	90e70113		None	None	None	false	Denied(NotOnAllowlist)	None	[]	false	[]
control	90f10106		Some(GvaspaceServerReservedPdesClient)	Some(184)	Some("NV90F1_CTRL_VASPACE_COPY_SERVER_RESERVED_PDES_PARAMS")	false	Listed { name: "NV90F1_CTRL_CMD_VASPACE_COPY_SERVER_RESERVED_PDES", origin: Mode2Rpc }	Some(VaspacePublishedPdes)	[]	false	[]
control	a06c0101		None	None	None	false	Listed { name: "NVA06C_CTRL_CMD_GPFIFO_SCHEDULE", origin: Nvproxy }	None	[]	true	[]
control	a06c0103		None	None	None	false	Listed { name: "NVA06C_CTRL_CMD_SET_TIMESLICE", origin: Nvproxy }	None	[]	true	[]
control	a06c010a		Some(PromoteFaultMethodBuffers)	Some(88)	Some("NVA06C_CTRL_INTERNAL_PROMOTE_FAULT_METHOD_BUFFERS_PARAMS")	false	Denied(NotOnAllowlist)	None	[]	false	[]
control	a06f0103		None	None	None	false	Listed { name: "NVA06F_CTRL_CMD_GPFIFO_SCHEDULE", origin: Nvproxy }	None	[]	true	[]
control	c3700104		None	None	None	true	Denied(NotOnAllowlist)	None	[]	false	[]
control	c3720101		None	None	None	true	Denied(NotOnAllowlist)	None	[]	false	[]
class	00000000	class_ids:NV01_NULL_OBJECT|class_ids:NV01_ROOT|class_ids:NV1_NULL_OBJECT|class_ids:NV1_ROOT	NV01_ROOT	Listed { name: "NV01_ROOT", origin: Nvproxy }	Some(ClientRoot)	Some(ClientRoot)	false
class	00000070	class_ids:NV01_MEMORY_SYSTEM_DYNAMIC|class_ids:NV01_MEMORY_VIRTUAL|class_ids:NV1_MEMORY_SYSTEM_DYNAMIC	NV01_MEMORY_VIRTUAL	Listed { name: "NV01_MEMORY_VIRTUAL", origin: Nvproxy }	Some(NoDeclaredFacts)	Some(NoDeclaredFacts)	false
class	00000073	class_ids:NV04_DISPLAY_COMMON	NV04_DISPLAY_COMMON	Listed { name: "NV04_DISPLAY_COMMON", origin: Nvproxy }	None	Some(NoDeclaredFacts)	true
class	0000007e	class_ids:NV01_EVENT_KERNEL_CALLBACK_EX|class_ids:NV1_EVENT_KERNEL_CALLBACK_EX	NV01_EVENT_KERNEL_CALLBACK_EX	Listed { name: "NV01_EVENT_KERNEL_CALLBACK_EX", origin: Mode2Rpc }	Some(NoDeclaredFacts)	Some(NoDeclaredFacts)	false
class	00000080	class_ids:NV01_DEVICE_0	NV01_DEVICE_0	Listed { name: "NV01_DEVICE_0", origin: Nvproxy }	Some(Device)	Some(Device)	false
class	00002080	class_ids:NV20_SUBDEVICE_0	NV20_SUBDEVICE_0	Listed { name: "NV20_SUBDEVICE_0", origin: Nvproxy }	Some(NoDeclaredFacts)	Some(NoDeclaredFacts)	false
class	00002081	class_ids:NV2081_BINAPI	NV2081_BINAPI	Listed { name: "NV2081_BINAPI", origin: Nvproxy }	Some(NoDeclaredFacts)	Some(NoDeclaredFacts)	false
class	0000402c	class_ids:NV40_I2C		Denied(Refused { name: "NV40_I2C", why: NoPhysicalBoardBus })	None	None	false
class	00005080	class_ids:NV50_DEFERRED_API_CLASS		Denied(NotOnAllowlist)	None	None	false
class	0000902d	class_ids:FERMI_TWOD_A	FERMI_TWOD_A	Listed { name: "FERMI_TWOD_A", origin: Nvproxy }	None	Some(NoDeclaredFacts)	false
class	00009067	class_ids:FERMI_CONTEXT_SHARE_A	FERMI_CONTEXT_SHARE_A	Listed { name: "FERMI_CONTEXT_SHARE_A", origin: Nvproxy }	Some(CtxShare)	Some(CtxShare)	false
class	00009096	class_ids:GF100_ZBC_CLEAR	GF100_ZBC_CLEAR	Listed { name: "GF100_ZBC_CLEAR", origin: Nvproxy }	None	Some(NoDeclaredFacts)	false
class	000090e7	class_ids:GF100_SUBDEVICE_INFOROM	GF100_SUBDEVICE_INFOROM	Listed { name: "GF100_SUBDEVICE_INFOROM", origin: Nvproxy }	None	None	false
class	000090f1	class_ids:FERMI_VASPACE_A	FERMI_VASPACE_A	Listed { name: "FERMI_VASPACE_A", origin: Nvproxy }	Some(VaSpace)	Some(VaSpace)	false
class	0000a06c	class_ids:KEPLER_CHANNEL_GROUP_A	KEPLER_CHANNEL_GROUP_A	Listed { name: "KEPLER_CHANNEL_GROUP_A", origin: Nvproxy }	Some(Tsg)	Some(Tsg)	false
class	0000a140	class_ids:KEPLER_INLINE_TO_MEMORY_B	KEPLER_INLINE_TO_MEMORY_B	Listed { name: "KEPLER_INLINE_TO_MEMORY_B", origin: Nvproxy }	None	Some(NoDeclaredFacts)	false
class	0000c56f	class_ids:AMPERE_CHANNEL_GPFIFO_A	AMPERE_CHANNEL_GPFIFO_A	Listed { name: "AMPERE_CHANNEL_GPFIFO_A", origin: Nvproxy }	Some(Channel)	Some(Channel)	false
class	0000c7b5	class_ids:AMPERE_DMA_COPY_B	AMPERE_DMA_COPY_B	Listed { name: "AMPERE_DMA_COPY_B", origin: Nvproxy }	Some(NoDeclaredFacts)	Some(NoDeclaredFacts)	false
class	0000c997	class_ids:ADA_A	ADA_A	Listed { name: "ADA_A", origin: Nvproxy }	None	Some(NoDeclaredFacts)	false
class	0000c9c0	class_ids:ADA_COMPUTE_A	ADA_COMPUTE_A	Listed { name: "ADA_COMPUTE_A", origin: Nvproxy }	None	Some(NoDeclaredFacts)	false
