# utc	mean	dark_fraction	bottom_strip_mean	change_vs_previous	class
234531.635077843	0.0	1.000	0.0	-	black
234532.742762489	0.0	1.000	0.0	0.0	black
234536.251745767	1.9	0.971	0.0	1.9	black
234537.59027167	1.9	0.971	0.0	0.0	black
234537.865820264	1.9	0.970	0.0	0.0	black
234538.673951787	1.9	0.970	0.0	0.0	black
234539.483006641	1.9	0.970	0.0	0.1	black
234540.290203498	1.9	0.970	0.0	0.1	black
234541.904718206	1.9	0.970	0.0	0.0	black
234541.97529735	1.9	0.970	0.0	0.0	black
234542.711432683	1.2	0.992	0.0	0.7	black
234543.518592818	1.2	0.992	0.0	0.0	black
234544.325371738	1.2	0.991	0.0	0.0	black
234545.133069828	0.0	1.000	0.0	1.3	black
234545.939991870	0.0	1.000	0.0	0.0	black
234546.747897032	0.0	0.999	0.0	0.1	black
234547.556450667	0.0	0.999	0.0	0.1	black
234548.365073304	0.0	1.000	0.0	0.0	black
234549.173619613	0.0	1.000	0.0	0.0	black
234549.980840239	0.0	1.000	0.0	0.0	black
234550.787369205	0.0	1.000	0.0	0.0	black
234551.594899690	0.0	1.000	0.0	0.0	black
234552.402663225	0.0	1.000	0.0	0.0	black
234553.209756988	0.0	1.000	0.0	0.0	black
234554.17147290	0.0	1.000	0.0	0.0	black
234554.823790492	0.0	1.000	0.0	0.0	black
234555.630953900	0.0	1.000	0.0	0.0	black
234556.437612575	0.0	1.000	0.0	0.0	black
234557.244312391	0.0	1.000	0.0	0.0	black
234558.51727980	0.0	1.000	0.0	0.0	black
234558.859250769	0.0	1.000	0.0	0.0	black
234559.666946189	0.0	1.000	0.0	0.0	black
234600.474642669	0.0	1.000	0.0	0.0	black
234601.282338471	0.0	1.000	0.0	0.0	black
234602.89647380	0.0	1.000	0.0	0.0	black
234602.896546424	0.0	1.000	0.0	0.0	black
234603.703787746	0.0	1.000	0.0	0.0	black
234604.510625985	0.0	1.000	0.0	0.0	black
234605.317879549	0.0	1.000	0.0	0.0	black
234606.124509433	0.0	1.000	0.0	0.0	black
234606.931211107	0.0	1.000	0.0	0.0	black
234607.738133561	0.0	1.000	0.0	0.0	black
234608.545615099	0.0	1.000	0.0	0.0	black
234609.352859932	0.0	1.000	0.0	0.0	black
234610.159954548	0.0	1.000	0.0	0.0	black
234610.967326192	0.0	1.000	0.0	0.0	black
234611.774226183	0.0	1.000	0.0	0.0	black
234612.581053737	0.0	1.000	0.0	0.0	black
234613.388397466	0.0	1.000	0.0	0.0	black
234614.196586557	0.0	1.000	0.0	0.0	black
234615.4485022	0.0	1.000	0.0	0.0	black
234615.812279580	0.0	1.000	0.0	0.0	black
234616.619542136	0.0	1.000	0.0	0.0	black
234617.427367477	0.0	1.000	0.0	0.0	black
234618.235022162	0.0	1.000	0.0	0.0	black
234619.43752805	0.0	1.000	0.0	0.0	black
234619.852900765	0.0	1.000	0.0	0.0	black
234620.661524443	0.0	1.000	0.0	0.0	black
234621.469826846	0.0	1.000	0.0	0.0	black
234622.278433137	0.0	1.000	0.0	0.0	black
234623.86002701	0.0	1.000	0.0	0.0	black
234623.894457326	0.0	1.000	0.0	0.0	black
234624.703029272	0.0	1.000	0.0	0.0	black
234625.510035467	0.0	1.000	0.0	0.0	black
234626.318156601	0.0	1.000	0.0	0.0	black
234627.126429464	0.0	1.000	0.0	0.0	black
234627.934039137	0.0	1.000	0.0	0.0	black
234628.741887388	0.0	1.000	0.0	0.0	black
234629.550172116	0.0	1.000	0.0	0.0	black
234630.357482867	0.0	1.000	0.0	0.0	black
234631.166449019	0.0	1.000	0.0	0.0	black
234631.975209226	0.0	1.000	0.0	0.0	black
234632.783585929	0.0	1.000	0.0	0.0	black
234633.592375478	0.0	1.000	0.0	0.0	black
234634.400206770	0.0	1.000	0.0	0.0	black
234635.208791164	0.0	1.000	0.0	0.0	black
234636.17020074	0.0	1.000	0.0	0.0	black
234636.825581341	0.0	1.000	0.0	0.0	black
234637.633651696	0.0	1.000	0.0	0.0	black
234638.441463955	0.0	1.000	0.0	0.0	black
234639.249776320	0.0	1.000	0.0	0.0	black
234640.56981299	0.0	1.000	0.0	0.0	black
234640.865759621	0.0	1.000	0.0	0.0	black
234641.673147721	0.0	1.000	0.0	0.0	black
234642.481453901	0.0	1.000	0.0	0.0	black
234643.289736274	0.0	1.000	0.0	0.0	black
234644.906252473	0.0	1.000	0.0	0.0	black
234644.97272276	0.0	1.000	0.0	0.0	black
234645.715064923	0.0	1.000	0.0	0.0	black
234646.523828005	0.0	1.000	0.0	0.0	black
234647.331422063	0.0	1.000	0.0	0.0	black
234648.140254517	0.0	1.000	0.0	0.0	black
234648.949138662	0.0	1.000	0.0	0.0	black
234649.756680984	0.0	1.000	0.0	0.0	black
234650.565261476	0.0	1.000	0.0	0.0	black
234651.374523521	0.0	1.000	0.0	0.0	black
234652.183796427	0.0	1.000	0.0	0.0	black
234652.992030736	0.0	1.000	0.0	0.0	black
234653.798447068	0.0	1.000	0.0	0.0	black
234654.605156299	0.0	1.000	0.0	0.0	black
234655.411343856	0.0	1.000	0.0	0.0	black
234656.217488285	0.0	1.000	0.0	0.0	black
234657.23818723	0.0	1.000	0.0	0.0	black
234657.831583257	0.0	1.000	0.0	0.0	black
234658.639212703	0.0	1.000	0.0	0.0	black
234659.446436775	0.0	1.000	0.0	0.0	black
234700.253787757	0.0	1.000	0.0	0.0	black
234701.61752124	0.0	1.000	0.0	0.0	black
234701.869482384	0.0	1.000	0.0	0.0	black
234702.677525043	0.0	1.000	0.0	0.0	black
234703.485562382	0.0	1.000	0.0	0.0	black
234704.293466475	0.0	1.000	0.0	0.0	black
234705.100208662	0.0	1.000	0.0	0.0	black
234705.908185617	0.0	1.000	0.0	0.0	black
234706.715150564	0.0	1.000	0.0	0.0	black
234707.522886474	0.0	1.000	0.0	0.0	black
234708.329580777	0.0	1.000	0.0	0.0	black
234709.136491760	0.0	1.000	0.0	0.0	black
234709.943717010	0.0	1.000	0.0	0.0	black
234710.750939861	0.0	1.000	0.0	0.0	black
